item_id,title
3930,जो लोग सुबह उठते ही आईना देखते है उन लोगों के साथ पूरे दिन होता है ये!
2389,झटपट वजन कम कर सकते हैं ये फूड!
3908,झारखंड में 50 लाख रुपए की संपत्ति खरीदने पर महिलाओं को देना होगा सिर्फ 1 रुपए रजिस्ट्री शुल्क
3784,टीम इंडिया का वो बॉलर जिसके हाथों में पोलियो था!
3458,ट्विंकल खन्ना पूरी तरह पागल हो चुकी है कोई उन्हें हॉस्पिटल में भर्ती कराओ!
3958,डांस में करियर बनाकर आसानी से कमा सकते हैं 50 हज़ार रुपए
456,ड्रग्स की आदत जब गौरी खान को ड्रग्स के नशे ने बना लिया था अपना शिकार !
1662,तलवे रगड़ने से दमकता है चेहरा और सुन्दर होती है त्वचा ! जानिये कैसे! 
4002,तस्वीरों में देखिए किस तरह से बॉलीवुड की ये हसीनाएं बाइक पर मचा रही हैं धूम !
2718,तांबे के बर्तन में रखा हुआ पानी पीने से होते हैं ये 10 गजब के फायदे ! 
2998,तो इस कारण अपने बेटे तैमूर को भारत में ही छोड़कर लंदन चली गई करीना ! 
3802,तो इस कारण से अमिताभ और शत्रुघन सिन्हा के ‘दोस्ताना’ में आई थी दरार !
4012,तो इसलिए नहीं की लता मंगेशकर ने शादी !
3248,तो इसलिए पाकिस्तान से लेकर भारत तक चर्चें हैं जान टीवी चैनल के ! 
3358,तो इसलिए पॉर्न फिल्मों को ब्लू फिल्म कहा जाता है ! 
3538,तो ये है वो वजह जिसके कारण हर दूसरी लड़की लगाती है लाल लिपस्टिक !
228,दवाईयों से नहीं यहां शरीर को आग लगाकर करते है बीमारियों का इलाज 
3616,दिमाग तेज करने के लिए स्वामी विवेकानंद ने बताया था यह असरदार तरीका
3300,दिल्ली की हर लड़की की रग-रग में बसती हैं ये बातें ! 
1135,दिशा पटानी के ऊप्स मोमेंट्स 
3588,दीपिका और कैटरीना की कोल्ड वार में इस बार बाजी मारने में कामयाब रही है ये अभिनेत्री !
3482,दीपिका रणवीर और रणबीर एक ही फिल्म में नजर आयेंगे दीपिका और उसके दोनों बोयफ्रेंड्स !
3120,दुनिया की 5 सबसे बड़ी बैंक लूट जिनके बारे में आपको जरुर जानना चाहिए ! 
3948,दुनिया की इस पहली पोर्न स्टार की कहानी इतनी भयानक है कि आपकी रूह कांप उठेगी !
2930,देश के अरबपति यहाँ मनाते हैं गर्मियों की छुट्टियाँ ! 
3364,देश के इन 10 चमत्कारिक हनुमान मंदिरों में भक्तों की हर मनोकामना होती है पूरी ! 
2686,धर्मेंद्र के घर आने पर ईशा और अहाना से ये काम कराती थी हेमा ! 
316,धीरुभाई अंबानी और रतन टाटा के जीवन से ये सबक सीखकर कोई भी बन सकता है उनकी तरह 
1898,धूम्रपान की लत पुरुषों के सेक्स पॉवर को खत्म कर देती है ! 
1214,नहाने के ये तरीक़े आपको देंगे ग्लैमरस लूक ! 
3740,नैचुरल तरीके से गालों पर डिंपल पाने के लिए करें ये काम !
3962,नौकरी छूटने का है डर तो करवायें ये जॉब इंश्‍योरेंस और हो जाये बेफिक्र !
3900,न्यूट्रिशियन साइंस की बढ़ रही है मांग इस कोर्स के बाद आप भी बन सकते हैं डॉक्टर !
3432,पति सुनील दत्त की लाई हुई साड़ियों को आखिर क्यों नहीं पहनती थी नरगिस !
3584,परीक्षाओं की कॉपी के चटपटे किस्से जिन्हें पढकर आपके होश उड़ जायेंगे !
3712,पहली मोहब्बत की ‘क्यों’ कभी खत्म नहीं होती मिठास?
3968,पाक से फाइनल पर विराट कोहली की दो टूक 'ये सामान्य मैच की तरह है'
3674,पाकिस्तान की ये हैं वो मशहूर हस्तियाँ जिन्होंने अपनी बहनों से रचाई शादी !
3434,पाकिस्तान में एक कुत्ते को सुनाई गई मौत की सजा और वजह भी थी हैरान करने वाली!
3574,पाकिस्तानी सेना से बदला लेने फौजी बने इस गांव के 810 लोग !
3780,पीएम मोदी के 9 रत्न जो पिछले तीन सालों से उनका काम देख रहे है!
3606,पुराने ज़माने में बिना इन्टरनेट भी की जाती थी चैटिंग ! जानिये कैसे !
3632,पुराने दौर में ऑडिशन के नाम पर की जाती थी लड़कियों के साथ ये शर्मनाक हरकतें !
3590,पेशा है बार्बर का मगर शौक से लगता है विजय माल्या !
3742,पैसों की तंगी में भी ऐसे करें फ्रेंड्स के साथ मस्ती !
3696,पॉर्न फिल्मों की लत से छुटकारा पाने के लिए आजमाये ये 10 उपाय
474,पोर्न हब इस देश की यानि पाकिस्तान की लडकियाँ पोर्न देखने में सबसे आगे है !
3652,प्रतिदिन 8600 करोड़ रुपए का मुनाफा करती हैं ये कम्पनियाँ जानिये विश्व की टॉप 10 लिस्ट
3624,प्रियंका चोपड़ा की ये तीनों बहने हैं उन्हीं की तरह हॉट और सेक्सी !
3748,प्रियंका चोपड़ा ने भाई के साथ शेयर कर दी ऐसी जगह की सेल्फी कि मच गया बवाल
3360,प्रियंका चोपरा की सेक्स लाइफ में है दिलचस्पी तो यहाँ है उनकी सेक्स लाइफ का राज ! 
3702,फरहान अख्तर के साथ जल्द ही ‘हनीमून’ पर जाने को तैयार है दिशा पटनी!
3866,फिल्म 'रज्जो' में नज़र आने वाली एक्ट्रेस कृतिका चौधरी की लाश संदिग्ध हालत में बरामद
2986,फिल्म ‘कोई मिल गया’ में जादू का किरदार किसी मशीन ने नहीं बल्कि इस इंसान ने निभाया था! 
2150,फिल्म देखकर प्रेग्नेंट हुई 13 साल की लड़की कोर्ट ने सेंसर बोर्ड को नोटिस भेजा! 
2124,फिल्म वीराना की इस एक्ट्रेस के साथ रात गुज़ारना चाहते थे कई अंडरवर्ल्ड डॉन ! 
3980,बचपन में भूखे पेट सड़कों पर दिन गुजारने वाले जस्टिन बीबर अचानक ऐसे कमाने लगे अरबों रुपये !
3950,बंद कार में अक्षय कुमार ने किया कुछ ऐसा कि सोनाक्षी हाथ जोड़कर गिड़गिड़ाने लगी
3876,बादाम खाने के एक नहीं बल्कि कई फायदे हैं!
3438,बारहवीं के बाद फटाफट नौकरी पाने के लिए कर सकते हैं ये 5 सस्ते कोर्स
3818,बारहवीं के बाद साइंस के छात्रों के लिए ये हैं करियर संबंधित कोर्सेस !
1119,बालों को हेल्दी रखने के लिए पीएं खूब पानी 
408,बिना कपड़ों के सोने के हैं ऐसे फायदे जिन्हें जानकर आप हो जाएंगे हैरान
3666,बिना बिजली के ही घर को ठंडा बनाए रखने के लिए ये तरीके वाकई में लाजवाब है !
522,बिपाशा बसु और जॉन अब्राहम शादी कर ही लेते अगर बिपाशा की ये करतूत ना आती !
1870,बियर पीने वाली लड़कियों को डेट करने के लिए क्यों मरते है आज के लड़के! 
3464,बिल गेट्स कहते हैं इन क्षेत्रों में पढाई कर बन सकते हैं करोड़पति
3174,बिलकुल शुद्ध शाकाहारी हैं बॉलीवुड के ये सितारे ! 
3540,बीच में जिम छोड़ने से हो सकती है ये 5 गंभीर समस्या !
3480,बेटियों को बिलकुल पसंद नहीं आती अपनी माँ की ये 5 बातें !
439607,Alia Bhatt spills some inside deets about her next film Dragon opposite Ranbir Kapoor
417811,Alia Bhatt's Sadak 2 to see a leap of 20 years from the prequel?
426844,All You Need To Know About Draupadi Murmu The Tribal Woman Who Could Be India's Next President
408584,America Won't Be Dictated By Others On Climate Issue Says Donald Trump
309209,Amitabh Bachchan as a 102 year old dad and Rishi Kapoor as his 75 year old son are 2 cute ol' grandpas - view pic
430814,Amitabh Bachchan Just Schooled Sonam Kapoor On SMS Etiquette In 2017
384344,Amla's Classy Hundred Powers South Africa To 96-Run Victory Over Sri Lanka
405971,Anil Kumble May Continue As Indian Team's Head Coach: Sources
376741,Anil Kumble Unwilling To Continue As Coach Virender Sehwag May Take Over After Champions Trophy: Sources
356889,Ankita Lokhande And Kushal Tandon Just Shared These Super Hot Photos Of Them Together
389638,Anu Rani Books World Championships Berth By Smashing Her Own National Record
343267,Are Ranveer Singh and Deepika Padukone living together?
394309,Are You Getting Enough Sleep? Experts Point at the Importance of Regular Sleep
343669,Are you Sleep Deprived? It May Lead to Your Brain 'Eating Itself': Experts
379859,Army Officer Middleman Arrested By CBI In Cash-For-Transfer Case
338042,Army Officers Should Be Allowed To Take Decisions In 'War-Like' Zones Says Arun Jaitley
352863,Army porter killed in Pakistani firing in J-K's Keran sector
415629,Arrested Chhota Shakeel Aide 21 Wanted To Be Like Dawood: Police Sources
427384,Arthur's chance to make Pakistan better
397953,Arvind Kejriwal Has A Plan To Tackle Power Cuts Writes To Lt Governor Anil Baijal
380647,As Rajnath Singh Slams Kashmiri Separatists A Rebuke For Pakistan
448511,As violence rocks Darjeeling Mamata Banerjee alleges deep-rooted conspiracy vows to bring peace
430820,Assassin's Creed: Origins' Takes You To Ancient Egypt And Returns As A True Open World RPG
407868,At Just 16 Y.O Salman Khan Was LEFT Heartbroken By This Girl â€“ Read The Full Story Here!
393307,At Sonia Gandhi's Home Top Congress Leaders To Discuss Rahul Gandhi's Promotion
394697,Aww! Here's What Deepika Padukone Commented On Ranveer Singh's Instagram Post
357885,Baahubali 2 (Hindi) Inches Closer To The 500 Crore Mark At The Box Office
439603,Baahubali 2 to release in China in September but has disadvantage against Aamir Khan's Dangal
361427,Ban on cattle sale for slaughter: As protests grow Modi govt hints at rethink of new rule
376231,Baywatch movie review: Even Priyanka Chopra can't save it from jiggling to its death
333210,Beauty Looks From Cannes 2017 That Are Easy To Replicate
309973,Beauty Sleep is For Real and Here's Why You Really Need It
394311,Beef ban: Meghalaya BJP leader Bachu Marak was sabotaging party says Nalin Kohli
385640,Before Dating Aishwarya Rai Salman Khan Was Dating THIS Actress! No It's Not Sangeeta Bijlani!
385638,Before Ranveer And Virat Anushka Sharma Was Dating This Guy
362856,Bhavani Devi Made India Proud With her Gold For Fencing But Let's Talk About All Her Struggles
408217,Bizzare is IN Quirky is the new SEXY and Ranveer Singh shows you why!
402522,BJP Lashes Out At Kejriwal Says He Is Punishing Delhi With Frequent Power Cuts
403268,BJP Now Wants A Ban On MOMOS After Beef! Twitter Left In Splits
434716,Bollywood Inspired Hairstyles That LEFT People Going Crazy To Try It Out!
413043,Box Office: According to Aamir Khan's formula Hindi Medium is a bigger success than Baahubali 2 - The Conclusion 
342283,Box Office: This is what Karan Johar's Dharma Productions will earn from Baahubali 2 - The Conclusion 
351889,BREAKING Rajkumar Hirani's Sanjay Dutt biopic starring Ranbir Kapoor postponed? 
448509,Burden of farming outweighs rewards: Is India staring at another Nandigram moment?
347653,Burhan Wani's Successor Sabzar Bhat Among 8 Terrorists Killed In Jammu And Kashmir
398511,Businessman Family Shot Dead In UP's Sitapur Triple Murder On CCTV
389805,Can Tomatoes Help Fight Stomach Cancer?
320115,Cannes 2017: When Kendall Bella and Araya took style cues from Priyanka Aishwarya and Sonam - View Pics
439421,CBI team at Delhi deputy CM Manish Sisodia's house for 'Talk to AK' programme probe
425413,Centre Won't Impose Any Restriction On Choice Of Food: Rajnath Singh
443952,Champions Trophy 2017 Final India vs Pakistan: Amir Begins Mind Games With Kohli
383405,Champions Trophy 2017 India Vs Pakistan: Will Weather Play Spoilsport?
379861,Champions Trophy 2017: Afridi Heaps Praise On Kohli Terms India Favorites To Beat Pakistan
394105,Champions Trophy 2017: How Anil Kumble Stunned Hardik Pandya With Last-Minute Batting Promotion
430077,Champions Trophy 2017: Yuvraj Singh Flaunts 'Superpowers' Ahead Of Semi-Final. Is Bangladesh Watching?
433395,Champions Trophy: Five reasons India should be on guard against Bangladesh
415625,Change of heart: English is now normal Hindi is the new cool
385289,Check Out This Bride Wearing Shorts At Her Wedding And The Internet Is Going Crazy!
376399,Climate Change Ups Asthma Deaths to Rise by 20% if Steps Are Not Taken
356879,Confident of winning presidential poll with at least 54% votes says BJP
387793,Countdown begins: India's heaviest rocket with GSAT-19 satellite launches today
390132,Craig McDermott Joins The Race To Replace India's Head Coach Anil Kumble
417414,Cut Lemons And Keep Them In Your Bedroom To Enjoy Surprising Benefits
413045,Dangal Actress Zaira Wasim Rescued From Dal Lake After Accident
449325,Dangal box office collection China: Aamir Khan starrer does the unthinkable; beats superhero blockbuster Captain America: Civil War
347861,Dangal Crosses 1600 Crore Mark At The Worldwide Box Office
376227,Dangal vs Baahubali 2 box office: Aamir Khan film creates Rs 1800-cr club now
449919,Darjeeling unrest latest: GJM takes out rally Rajnath appeals for calm
419192,De Villiers' run-out my fault - du Plessis
402520,Dear Yogi Adityanath Here's Why The 'Mughal' In Mughalsarai Can't Be Wished Away
403270,Deepika Is Looking Sizzling Hot In This Photoshoot! Can't Get Our Eyes Off Her!
430628,Delhi Folks You Can Now Taste Goa's King's Beer Right Here In The Capital!
407871,Delhi Hospital Fined Rs 30 Lakhs For Putting Pharmacist On Delivery Duty; He Left Needle Inside Patient's Body.
356883,Delhi Man Killed For Stopping Urination On Road Minister Talks To Top Cop
448914,Delhi Teenager Killed After He Refused To Lend Scooter To His Friend
347863,Delhi Mumbai Metro Stations Put On High Alert As Lashkar Terrorists From Pakistan Enter India
384941,Dia Mirza: I had a phenomenal time working with Ranbir Kapoor
398852,Did Police Open Fire At Farmers In Mandsaur? All You Need To Know About The MP Farmer Protest
351867,Did Priyanka Chopra Just Confirm To Having Had A Relationship With Shah Rukh Khan?
356885,Did Vidya Balan just take a jibe at Kangana Ranaut's credit row with this Instagram pic?
363068,Did You Know That Karan Johar Literally Begged To Convince These Two Stars To Act In His HIT Movie?
421876,Diljit Dosanjh Finally Opens Up About His Love For Kylie Jenner & It Isn't As Creepy As You Thought
426856,Domingo uncertain about continuing as SA coach
424211,Donald Trump 'Looking Forward' To Meeting PM Modi On June 26: White House
343474,Drink Jeera Water For About A Month And Experience These Changes In Your Health!
295613,Drinking Beetroot Juice May Lower Blood Pressure Heart Attack Risk
338034,Eating These 5 Foods Will Keep You Away From Fat
276567,Eating Yoghurt Regularly May Boost Bone Health in Elderly
370149,Economic Growth Slows To Lowest In More Than 2 Years: 10 Points
379263,Election Commission EVM Challenge Today AAP Hackathon Too: 10 Points
394868,Embarrassed Pakistan Need To Beat Mighty South Africa To Stay Alive In The Champions Trophy
411709,Engineer Killed 2 Pilots Injured In Badrinath Helicopter Crash
411694,England Aim To Knock Arch-Rivals Australia Out Of Champions Trophy
440344,Ex-Captain Aamer Sohail Indicates Pakistan Are In Champions Trophy Final Due To Match-Fixing
337626,Exclusive: Raveena On Why Twitter Is A Blessing Despite The Horrific Abuse She Faces
376397,Experts Link Breastfeeding With Lowered Risk of Endometrial Cancer
365981,Explosion Near Indian Embassy In Kabul All Officials Safe: Sources
407529,Fatima Sana Shaikh to play Aamir Khan's wife in Rakesh Sharma biopic Saare Jahan Se Achcha?
358492,Feeling The Monday Blues? This Bar In Hauz Khas Is Selling Beer For 910 All Week! You're Welcome
343871,Films Are Made For Audience Not For Critics: Arjun Kapoor
346880,Fit firing seam attack key as Australia eye record third title
416620,Five Battles That Will Decide The Champions Trophy Survival Fight Between India & South Africa
381024,Five-Year-Old Girl Sexually Assaulted Dumped On Roadside In Bengaluru
434803,Flash sales beat GST deadline: Time to splurge on discounted ACs cars phones
434803,Flash sales to beat GST deadline: Time to splurge on discounted ACs cars phones
315150,Flashback To The Time When Sridevi Actually Tied RAKHI On Her Now Husband &#8220;Boney Kapoor's&#8221; Wrist!
449918,Flawless Srikanth Beats Sakai To Seal His 2nd Super Series Title
434596,Forget Ghosting Benching Is A New Dating Trend And You Might Be A Victim Of It!
438839,Former Delhi Metro chief E Sreedharan as NDA's nominee for Presidential poll?
367520,French Website Reported SRK's Death In Plane Crash! SRK Fans Will Hate French Media After Knowing Truth!
394511,Ravindra Jadeja takes a rare photo of MS Dhoni and is happy about it see pic
366378,RBI To Release New One Rupee Notes In Circulation Soon
60105,Reap These 13 Amazing Health Benefits Of Drinking Water From Copper Vessels
409740,Record-breaking Shakib and Mahmudullah stun New Zealand
327991,Red Alert Rising cases of student suicides sound alarm bells across India
241914,Replace Your Artificial Drinks With These Healthy Drinks If You Want To Lose Weight!
337629,Researcher Claims That India Not China Is The World's Most Populous Nation
421193,Revealed: What Tabu actually plays in Golmaal Again!
430624,RGV's 'Positive' Instagram Message Backfires Because He Used A Bizarre Sania Mirza Photo
438830,Rohit Scores Unbeaten 123 As India Thrash Bangladesh To Set Up Dream Final Against Pakistan
375365,Russia readying to supply S-400 missile systems to India
356899,Sachin - A Billion Dreams Does Well Over The Weekend Aims For 50 Crore Club
353671,Sachin A Billion Dreams box-office collection day 3: The docudrama on its way to becoming a hit
413038,Sachin Tendulkar Reveals What Made Him Sledge Glenn McGrath
347865,Sachin: A Billion Dreams Has A Good Day One At The Box Office
370753,Sachin: A Billion Dreams Is Now Tax-Free In Delhi Too
385838,Sai Praneeth Wins His 1st Grand Prix Gold Title After Unbelievable Fightback In Thailand
439235,Saif Ali Khan not too keen on Sara entering Bollywood?
389811,Salman Calls Himself A 'Fool' For Signing Action Films Says It Isn't Easy To Do Stunts At 51
374917,Salman Khan at IIFA event: Katrina Kaif is the best dancer Alia Bhatt is right behind her
393309,Salman Khan Explains Why Tubelight Won't Break Records Set By Baahubali 2
421192,Salman Khan Gets 3000 Toilets Rebuilt In A Slum Near Goregaon Film City In Mumbai
393313,Salman Khan on ex Katrina Kaif heartbreak at 16 fears: 8 things we just got to know
380649,Salman Khan on Sunil Grover's show but what about Kapil Sharma?
385303,Salman Khan PICKS Sunil Grover and Ali Asgar over Kapil Sharma read full inside gossip!
362369,Salman Khan saves 'The Kapil Sharma Show' from going off air?
413049,Salman Khan's gift to the kids on the sets of Tubelight made Kabir Khan call for a day off
362899,Sanjay Dutt Says No To Adult Comedies; Walks Out Of Total Dhamaal
417807,Sanya Malhotra: I love Ranbir Kapoor as an actor and Shahid Kapoor is equally good
356897,Sara Ali Khan and Nimrat Kaur make Karan Johar's birthday bash a hot affair. See pic
304848,Sara Ali Khan Is Comfortable To Kiss Her Co-Stars In Films- Here's Why!
348283,Sara Ali Khan to debut opposite Sushant Singh Rajput in Abhishek Kapoor's Kedarnath
366990,Sarah Ali Khan & Harshvardhan Kapoor Are Reportedly Dating
425410,Sarfraz Plays Captain's Innings To Take Pakistan Into Semifinals Of Champions Trophy
411719,SCOOP: Ranbir Kapoor to marry the girl of his mother's choice 
370549,Searches At 3 Places In Delhi Over Kapil Mishra's 'Medical Scam' Charges
375731,Security agencies gear up to fight 'bedroom jehadis' in Kashmir
384345,SEE PIC: Baahubali 2 star Prabhas is back in India sports a new look
381029,Seven Releases & Yet No Winner At The Box Office - Why Bollywood Doesn't Need To Be Shocked
385842,Sewer Cleaner In Pakistan Dies After Doctor Refuses To Touch His 'Dirty Body'
416823,Shah Rukh Khan's Devdas to return in 3D and we can't keep calm!
362103,Shahid Kapoor and Ranveer Singh get into 'war of words' for 'Padmavati'
329003,Shahid Kapoor Opens Up On Mira Rajput's Acting Debut
366782,She Missed Her Class XII Boards Last Year For Miss India. This Year She Nailed It With A 97.25%
411095,Shivraj Singh Chouhan To Begin 'Peace' Fast Today As Farmers Call For 'Action'
328391,Shraddha Kapoor and Farhan Akhtar take their alleged relationship to another level
351877,Shraddha Kapoor's Sexy LBD Is Far-Off From Being Basic
310347,Shruti Haasan Did Not Settle For A Basic Gown For Her Red Carpet Debut At Cannes
403448,Shruti Haasan Trolled For Her Lip Surgery! She Slammed The Trollers Like A Boss!
380651,Sidharth Malhotra suspects Katrina Kaif of being the 'jasoos' behind him
361754,Singer Abhijeet Bhattacharya Returns On Twitter Days After His Account Was Suspended
102893,Slow Poison: These 13 Seemingly Harmless Habits Can Damage Your Health
415647,Snapchat CEO Is Honeymooning Like A King In A Magical Island
449323,So in how many movies have Shah Rukh Khan Salman Khan Akshay Kumar played papas? We tried to solve that for you
358287,So who's going to romance Hrithik in Krrish 4?
426746,Sonali Raut Trying To Lock Lips With This Ex Bigg Boss Contestant! Pic Has Taken Internet By Storm!
397950,Sonia Gandhi Might Step Down As Congress President In October Paving Way For Rahul
421575,Sonia Gandhi Should Apologise Says Minister On 'Goonda' Comment For Army Chief
319767,Soon Anti-Diabetes Drugs to Replace Painful Insulin Jabs
353462,South Africa Called Out For Ball-Tampering Again & AB De Villiers Is Very Very Upset About It
351745,Space Garbage In Orbit Makes Leaving Earth Much More Dangerous
353669,SPOTTED: Hrithik Roshan goes for a movie with ex wife Sussanne and kids check pic
407873,Starting Next Month Tax Returns Need Aadhaar ID Says Supreme Court
439613,Submit Aadhaar Else You Can't Operate Bank Accounts. Deadline Announced
443958,Surprise Your Dad In Style With These Unique Father's Day Gifts Ideas
422331,Sushant Singh Rajput's Response On Raabta Receiving A Thumbs Down At The Box Office
438831,Tech Savvy ISIS Chief Recruiter In India Named Global Terrorist By US
362574,Tejas Express To Replace Its Rs 200 Headphones With Rs 30 Ones After Losing 337 Of Them
439425,Terrorist Abu Salem Convicted In 1993 Mumbai Blasts Case
370546,The ""Kind Of Person"" You Want In Your LIFE According To Your Zodiac Sign!
408554,The Controversial Buffalo Race Kambala Will Soon Be Legalised. Here's All You Need To Know
439423,The Crazy New Way This Start-Up Raised $153 Million In Just Three Hours
252225,The Health Risk of Working Night Shifts: It May Affect Your Liver!
407531,The Kapil Sharma Show makes it to the Top 5 with Kumkum Bhagya and Naagin 2 check out top 10 shows
448915,The Kapil Sharma Show: Diljit Dosanjh rocked the show with his innocence humour and singing
339048,The Legacy Of Sachin: Shouldering A Billion Dreams & Making Them Come True
430816,The New 'Spider-Man' Game Looks Straight Out Of A Movie And We Can't Get Enough Of The Graphics
362579,The Power of Rose: It Can Prevent Wrinkles Acne and Inflammation
357882,The Story Of Javed Miandad's Last-Ball Match-Winning Six Against India In 1986
420994,The Trailer Of 'Toilet - Ek Prem Katha' Looks Like An Extended Swachh Bharat Abhiyan TVC
434388,These 'Gadar' Memes Are So Funny They'll Even Get Angry Sunny Paaji To Crack Up!
344068,These 10 Most Sexiest Men Of Asia Are Too Hot To Handle !
408404,These 10 Motivational Songs Will Brim You With Enthusiasm
408402,These 10 Pick Us Lines Are So Raunchy That He Will Be On His Knees!
426842,These B-Town Celebs Don&#8217;t Drink Alcohol In Real Life And The Reason Behind It Makes Sense!
329002,These Photos Of Nawazuddin As Manto Are Keeping Our Faith In Cinema Alive
370752,These Reel-Life Mom-Son Jodis Actually Share A Huge Age Difference In Real-Life 
394515,This Bollywood Actor Might Play Alia Bhatt's Husband In An Upcoming Thriller
351869,This Bollywood Actor Shaved Half His Head For His Next Series
366984,THIS Bollywood Actress Just Revealed That She Is OK With Having A Baby Before Getting Married!
422329,This ex-Bigg Boss contestant just SLAMMED Katrina Kaif for using excessive make up to look ageless
343875,This Famous Bollywood Singer Rejected Madhuri Dixit's Arranged Marriage Proposal
394106,This Girl Made Her Dad Proud With Her Result In The Same School Where He Is A Van Driver
398850,This Gujarat Boy Scored A 99.9 Percentile In Class 12 Boards & Left It All To Become A Jain Monk
338446,This Gurugram Woman Has Started A One-Of-A-Kind Bakery For Dogs & Your Pooch's Going To Love It
363066,This Is A Sad Story Behind ""How Jackie Shroff Turned Into Jaggu Dada"" In His LIFE!
366986,This Is A Sad Story Behind ""How Jackie Shroff Turned Into Jaggu Dada"" In His LIFE!
309002,THIS Is Sunny Leone's Message For The Wives Of A-List Actors Who Don't Allow Their Husbands To Work With Her!
408396,This Is The Reason Why You MUST Use A Potato Slice To Prevent Dark Circles!
411697,This Is The Reason Why You MUST Use A Potato Slice To Prevent Dark Circles!
358285,This Malaika Arora Shweta Nanda photo from Karan Johar's party is going crazy viral. See it here
435002,This Painting Showing Kohli's IPL Journey Over Last 10 Yrs Is Sold For Whopping Rs 23 Crores!
381031,This small screen industry actress is more sexy than Alia and Deepika
3338,इन पांच चीजों को खाने के बाद भूल ने भी ना करें दूध का सेवन ! 
3706,इन बॉलीवुड अभिनेताओं को उनकी बीवीयों ने मारे हैं सरेआम थप्पड़
3720,इन राशियों के लोग बोलते हैं सबसे ज्यादा झूठ !
3502,इन राशियों के लोग होते हैं इतने दिलफेंक कि इन्हें हो जाता है किसी से भी प्यार !
3542,इन वजहों से बच्चों को इंजीनियर बनाना खतरे से खाली नहीं
3478,इस अभिनेत्री के साथ काम करने से आज भी डरते हैं सलमान खान !
2920,इस एक गिलास जूस से मोटे से मोटे पेट की चरबी हो जायेगी गायब ! 
3988,इस एक बात पर इतनी खफा हैं दिव्यांका त्रिपाठी कि चैनल को दे डाली शो छोड़ने की धमकी !
2606,इस एक शख्स ने दुनिया में महिलाओं को सिखाया था सिगरेट पीना! 
3822,इस एक्टर के कहने पर माधुरी दीक्षित कभी नहीं बन पाई अमिताभ बच्चन की हीरोइन !
3146,इस कश्मीरी युवा के लिए बीएसएफ एग्जाम में टाप करना बन गया खतरे की घंटी ! 
3472,इस कहानी को जानने के बाद आप किस्मत को कोसना छोड़ देंगे!
3970,इस कारण हर तरह की हीरोइन के साथ काम करने को तैयार हो जाते हैं अक्षय कुमार !
3824,इस क्रिकेटर ने खुद किया खुलासा कि वो 500 से भी ज्यादा महिलाओं के साथ…!
4000,इस खबर को पढ़कर आप समझ जायेंगे कि ब्रेकअप के बाद भी कैटरीना को कितना चाहते हैं सलमान !
3370,इस खबर को सच मानें तो कहा जा रहा है कि ऐश्वर्या अभिषेक बच्चन से जल्द ही लेने वाली हैं तलाक ! 
3806,इस खास अंगूठी को धारण करने से धन-सपंत्ति में होती है कमाल की बरकत !
3346,इस खास टोटके की वजह से श्रद्धा कपूर की हर फिल्म होती है हिट-सुपरहिट! 
3618,इस खूबसूरत अभिनेत्री पर जरूरत से ज्यादा ही मेहरबान हो रहे हैं रानी मुखर्जी के पति आदित्य
3922,इस जिम में सिर्फ उन्ही लोगों को एंट्री मिलती है जो बिना कपड़ो के एक्सरसाइज करते है!
3488,इस ट्रिक को आजमाकर छुपा सकते हो अपना असली मोबाइल नंबर !
3474,इस डर के मारे अभिषेक के साथ काम करने से ऐश्वर्या ने किया इनकार
3860,इस तरह हुई थी श्रीराम और लक्ष्मण की मृत्यु !
3312,इस प्रोफ़ेशन के लड़कों से शादी करने के लिए पागल है आज की लडकियाँ ! 
4020,इस मशहूर इंडियन क्रिकेटर ने बॉलीवुड अभिनेत्री को चार साल तक गुलाब भेजे थे !
3776,इस महिला की वजह से टूटी सलमान खान और अक्षय कुमार की बरसों पुरानी दोस्ती !
2750,इस महीने मुलायम सिंह यादव बना सकते हैं नई पार्टी ! 
4032,इस राशि के लोग अपने पार्टनर को पागलों की तरह चाहते हैं !
2952,इस राशिवाले लोगों की जोड़ी होती है बहुत भाग्यशाली ! 
3586,इस वजह से भगवान श्रीराम की एक पत्नी और श्रीकृष्ण की थी 16 हजार पत्नियाँ !
3580,इस वजह से सदियों से सूर्य देव को जल चढाने की चली आ रही है परंपरा !
3552,इस वजह से सहवाग की बीवी ने उन्हे सचिन के प्रीमियर पर नही जाने दिया
3446,इस वजह से हिंदू धर्म में मुंडन संस्कार को दिया जाता है इतना ज्यादा महत्व !
3352,इस वजह से हैकर्स बिटकॉयन वर्चुअल करेंसी में मांगते हैं फिरौती ! 
3456,इस शख्स के लिए राजघराने के सारे ऐशो आराम छोड़ने को तैयार है ये राजकुमारी !
3880,इस शख्स ने प्रियंका को किया इतना मजबूर कि उन्होंने 3 बार की सुसाइड करने की कोशिश !
3638,इस शहर के रेलवे स्टेशन पर ट्रेन रुकते ही पत्नियाँ हो जाती है नौ दो ग्याहरा !
3566,इस श्राप से बचने के लिए हवाई मार्ग से अमरकंटक नहीं गए थे नरेंद्र मोदी !
4028,इंस्टाग्राम पर तापसी पन्नू के 30 लाख फॉलोअर्स
3402,उस रात जब अमेरिका खिड़की खोलकर पाकिस्तान के इस घर में दाखिल हुआ तब…
3661,एक अमरूद दुरुस्त कर सकता है आपकी सेहत!
3808,एक इनिंग में 9 विकेट लेने वाले इस भारतीय गेंदबाज ने क्यों देश छोड़ दिया था!
3578,एक खराब इंटरव्यू भी इस तरह बना सकता है आपको सफल !
3522,एक तांगे वाला कैसे बन गया मसालों की दुनिया का बादशाह?
3498,एक पूरी फिल्म का बजट खर्च हुआ है बॉलीवुड के इन सबसे महंगे गानों पर !
777,एक बार फिर प्रियंका और अक्षय के बीच बढ़ रही है नजदीकियाँ !
3920,एक समय था जब सनी देओल को ‘छोटे पापा’ कहकर बुलाने लगी थी ट्विंकल खन्ना !
3842,एक ही छत के नीचे जिम करने पहुंचे शाहिद-मीरा और करीना कपूर यहां देखें PICS
3768,एक्टिंग के अलावा बॉलीवुड से जुड़े है ये शानदार करियर जिनमें है लाखों की कमाई !
3886,एक्‍टिंग छोड़ अब ये कोर्स करने वाली हैं सनी लियोनी !
3904,एमपी में 19 साल पहले भी कांग्रेस के राज में पुलिस की गोली से मारे गए थे 24 किसान!
3858,एलोवेरा के इन नुकसानों से वाकिफ नहीं होंगे आप !
3884,ऐश्वर्या और अभिषेक अगर ले रहे हैं तलाक तो उसकी सबसे बड़ी वजह है ये महिला !
3450,ऐश्वर्या राय की ये तस्वीरें आपको कर देंगी मदहोश क्योंकि इनमें वो जमकर दिखा रही हैं अपने क्लीवेज !
3544,ऐसी लड़कियों को जल्दी ही मिल जाती है अच्छी नौकरी!
4016,और इस तरह एक कूली ने खड़ा कर दिया 2500 करोड़ का बिजनेस !
3796,आईआईटी स्टुडेंट्स ने बनाया बिना बिजली के चलने वाला एसी !
3328,आखिर ऐसा क्या हुआ जो रातोंरात फिल्म स्टार रजनीकांत के घर पर पुलिस का पहरा बढ़ाना पड़ा 
3626,आख़िर किस बात पर अलग हो गए थे विराट और अनुष्का ?
3548,आखिर कौन सा है वो मंदिर जहाँ बॉलीवुड के शहनशाह कभी काम की फ़रियाद लेकर गए थे?
3366,आखिर क्यों अपनी सगी माँ से दूर और सौतेली माँ के करीब हो रही हैं सारी अली खान ! 
3932,आखिर क्यों डॉक्टरों ने सुनील दत्त को दी अपनी पत्नी नरगिस को मौत के घाट उतारने की सलाह !
3894,आंखों में आंसू के साथ सबसे पहले अनुष्का को बताई थी कप्तानी मिलने की खबर: विराट कोहली
3528,आगरा पुलिस ने पुजारी को दान में दी ऐसी दक्षिणा कि
3782,आज भी बड़ी इज्ज़त से लिया जाता है इन 5 तवायफों का नाम !
3786,आठवीं फेल इस छात्र के इशारे पर चलती है सीबीआई !
3282,आधी-रात को नशे में धुत होकर संजय दत्त ने रितेश और साजिद को बैडरूम में बुलाकर करवाया ये काम 
3852,आपकी किडनी को फेल कर सकती है हर रोज की ये छोटी-छोटी लापरवाही !
3910,आपके भविष्य के बारे में बहुत कुछ बताती हैं हथेली की ये चार रेखायें !
3926,आपके लिए ये काम करता है इंटरनेशनल कोर्ट
3592,आमिर खान से इस खूबसूरत अभिनेत्री ने ऐसे लिया था अपनी बेइज्जती का बदला !
3874,आरबीआई ने फिर से 500 के नए नोट जारी किए पुराने 500 के नोट चलते रहेंगे
2870,आरबीआई में नौकरी पाने के लिए करना पड़ता है ये काम ! 
3770,आर्टिफिशियल इंटेलिजेंस का कोर्स करना चाहते हैं तो बेस्ट हैं ये इंस्टिट्यूटस
3290,आलिया ने बताया कि ये वाला है उनका सबसे फेवरेट सेक्स पोजिशन ! 
3194,इंटरव्यू में सबसे ज्यादा पूछे जाते हैं ये 8 सवाल तो हो जाइए तैयार 
3356,इंटर्नशिप करना चाहते हैं तो बराक ओबामा आप ही को ढूंढ रहे हैं ! 
3954,इंडिया के इस बॉलर ने लगातार 21 ओवर मेडेन फेंके थे!
3634,इतनी सेक्सी है ये हीरोइन कि सरकार ने लगा दिया 1 साल का बैन !
3576,इतिहास की ये शातिर रानियाँ जिन्होंने अपने दम पर पूरी दुनिया पर राज किया !
3664,इन 10 जॉब्स में महिलाओं को मिलती है तगड़ी सैलरी
3746,इन 10 बॉलीवुड सितारों को अंतिम समय में उनके परिवार ने त्याग दिया
3336,इन 12 खतरनाक बिमारियों की एकमात्र दवा है ‘पान’! 
3614,इन 2 तरीकों से कर सकते है एलोवेरा का बिजनेस 10 लाख रुपए तक हर साल होगा इनकम !
3340,इन 2 राशियों के ‘कपल्स’ कभी नहीं होते अलग 
2680,इन 3 राशियों के पुरुष होते हैं ‘बेस्ट हज़्बैंड’ कभी न छोड़ें इनका हाथ 
3952,इन 4 स्त्रियों के अपमान बताते है कि पौराणिक काल में भी प्रचलित था रेप कल्चर !
3602,इन 5 खिलाड़ियों ने अपने दोस्त की गर्लफ्रेन्ड या बीवी से की है शादी !
3722,इन 5 बॉलीवुड सेलिब्रिटीज का सरनेम नहीं पता होगा आपको
3992,इन 6 में से कोई भी एक नौकरी करने वाले लोग रातोंरात हो सकते हैं मालामाल
3856,इन 8 तरीकों से आप बन सकते हैं बेहतरीन और समझदार कुक !
3188,इन आसान उपायों से आपके टेढ़े-मेढ़े अंदर दांत हो जाएंगे सीधे 
3670,इन आसान तरीकों से आप 10 से 12 घंटे लगातार काम करके भी रह सकते हैं एकदम फिट !
3902,इन टीनएजर्स ने साबित कर दिया स्टार्टअप बच्चों का खेल है
3416,इन देशों में करोड़पति आते हैं और अरबपति बनकर जाते हैं !
3582,इन पांच कारणों से अमीर बनते जाते हैं और भी अमीर !
422320,From 6 Run-Outs To Dhawan's 1000 Runs. The Records India Have Broken At Champions Trophy
408586,From Its Teaser Babumoshai Bandookbaaz Looks Like Another Superb Film That'll Sadly Get Censored
398854,From The 12th Man To Mr Dependable: The Untold Story Of Ajinkya Rahane
446310,Gambhir gets suspended ban for coach spat
367350,Gautam Gambhir Files A Legal Case Against A Resto Bar For Using His Name! Check Out Details
429687,Good news on bad loans: RBI identifies 12 defaulters asks banks to start bankruptcy proceedings
439420,Google CEO Sundar Pichai And His Wife Anjali Pichai&#8217;s Cute Love-Story Prove That True Love Exist!
444167,Gorkhaland stir turns violent: First death reported in Darjeeling cops and GJM trade blame&#8201;after clashes
348279,Government Has Just Banned Serving Food Around Smoking Areas Of Hotels Restaurants
384347,Govt bans 32 private medical colleges from admitting students for two years
430626,Govt May 'Corporatise' Three Key Institutes Including FTII. This Is What It Means
286440,Govt To Spend A Massive Rs 11000 Cr For Improving Road Connectivity In Naxal-Hit Areas
342279,Greater Noida 'gang rape' murder: Death has haunted family for last 5 years
420995,GST Rates Revised: Movie Tickets Insulin Will Be Cheaper
421577,Gujarat Ministers Enjoy Black Magic Show Call It 'Divine Worship'
422321,Gujarat Student Writes Sexual Fantasies For Every Answer In Class 12 Chemistry Paper Leaves Teachers Scandalised
375363,Gurgaon May Turn Into 'Living Hell' Suggests Report
412658,Gurgaon Police Arrests Son Of A Delhi Police Officer For Raping A Widow & Her Daughter
407155,Gurugram girl skips placements to turn full-time YouTuber
442959,Happy Birthday Imtiaz Ali: These dialogues from his films are evergreen
362105,Happy Birthday Paresh Rawal: Hera Pheri to Andaz Apna Apna 10 films which we cannot imagine without him
426689,Has Rajinikanth-Akshay Kumar's 2.0 made Rs 200 crore even before its release?
432006,Hasan Ali stars as Pakistan crush England to reach final
7462,Health Benefits of Wine A Glass Of Wine Can Keep The Doctor Away
408400,Here Are 2 Beneficial Scalp Detox Recipes That'll Boost Your Hair Growth!
333206,Here Are All The Photos From Zaheer Khan & Sagarika Ghatge's Engagement Party
417813,Here's how Salman Khan took credit for Katrina Kaif's career
370542,Here's What Gulshan Grover Said About Shooting Intimate Scenes With Katrina Kaifa
164753,Here's Why A Healthy Diet May Not Always Work
421474,Here's Why Ranbir Kapoor Will Not Have An Arranged Marriage
285031,Here's why Sachin Tendulkar thinks Aamir Khan would've been perfect to play him in the biopic
434804,Here's Why Vivek Oberoi Will Not Do Sex Comedies Again
106729,Here's Why You Shouldn't Skip Having Milk: 12 Health Benefits You Must Know
390128,Here&#8217;s What Emraan Hashmi GIFTS His Wife Every Time He Kisses On Screen!
389147,Hey Ranbir Ranveer Sidharth Varun and Arjun here's how you would look in guy rompers!
362577,Hindi Medium Scores More Than Half Girlfriend On Its 2nd Monday At The Box Office
430818,HMD Global Announces The Nokia 3 5 & 6 Smartphones For India & Here Are All The Details
353465,How To Lose Weight After Child Birth
394701,Hrithik Roshan signs his first BIOPIC read details about his NEXT film!
440351,Hrithik Roshan to turn producer with the biopic on Mathematician Anand Kumar?
356895,Huge Online Search For Missing Chennai Model Gaanam Nair
358495,Huma Qureshi & Nana Patekar Join Rajinikanth's Kaala Karikaalan Cast
389151,I Am Reading Upanishads Gita To Take On RSS BJP: Rahul Gandhi
374913,I cannot recall a time when Muslims were suspected en masse of being unpatriotic': Naseeruddin Shah
379856,I Went To GB Road After Dark. The Sex Workers There Protected Me From Men Trying To Get Handsy
370750,IAF Declares Two Pilots Dead Five Days After Crashed Sukhoi Jet Was Found In Assam
361755,IAS Officer Jumped Into Delhi Pool To Save Woman Colleague Drowns
415639,ICC Champions Trophy 2017: Kohli didn't want Ashwin in squad?
416819,ICC Champions Trophy: India under pressure for semis race in 'group of death'
376401,ICC Champions Trophy: Mohammad Azharuddin Takes A Dig At Yuvraj Singh Ahead Of Pakistan Clash
420999,ICC Champions Trophy: Virat Kohli's pep talk helped India overcome fielding blues
329200,ICC to review security in wake of Manchester bombing
434594,If Guys Had Periods... This Will Make Every Girl Laugh!!
365976,IIT Madras Student Allegedly Thrashed By Sangh Parivar Supporters For Leading 'Beef Fest'
417802,IIT-JEE Advanced Results Are Out Chandigarh Boy Sarvesh Mehtani Is All India Topper
362367,In Babri Case LK Advani Others Get Bail Ask Court Not To Frame Charges
361423,In Babri Masjid Case Framing Of Charges Against LK Advani Other Leaders Today
445117,In previous government no one considered PM as PM; Modi changed that: Amit Shah
352865,In UP 14 Men Molest 2 Women. They Make A Video And Post It Online
309419,In Uttar Pradesh No Fuel To Bikers Who Ride In Without Helmets From May 21
380065,Incredible Bihar! Arts Topper Is 41- YO With Two Kids Gets Arrested For Fraud
445680,India Are Brilliant But Here's Why They Need To Beware Of Pakistan In Champions Trophy Final
356891,India cricket team will not play a bilateral series with Pakistan: Sports minister Vijay Goel
363576,India get solid workout in rout of Bangladesh
393109,India Launches Its Most Muscular Rocket Yet: Foreign Media
364378,India players reportedly 'intimidated' by coach Kumble 
402525,India to get another 'eye in the sky' by month-end
384349,India vs Pakistan - ICC Champions Trophy: 5 key player battles in mega-clash
439035,India vs Pakistan in ICC knockout matches: A brief history
393305,India Wants Apple to Create Jobs in Exchange for Tax Breaks: Report 
435188,India Will Play Against Pakistan On Sunday No Matter What Happens Today
389639,India's Bid To Join Nuke-Club NSG Has Become 'More Complicated' Says China
351879,India's Sexiest Man 'Milind Soman' Has Found New Love In This Young & Beautiful Lady!
416821,Indian Army Has Shot Down 13 Terrorists Who Were Trying To Cross LoC In The Last 96 Hours
329409,Indian Army strikes Pakistan posts along LoC in Jammu and Kashmir releases video of assault
384605,Indian Cricket Team Hotel In Birmingham Under Lockdown After London Attacks
448500,Indian Fathers Who Raise Strong Independent Women Are The Heroes We Need Today
426803,Indian national coaches won't be allowed to coach IPL sides anymore according to new BCCI directives
402786,Indian-American Among 12 New Astronauts Chosen By NASA From Over 18000 Applicants
3956,INDvsBAN: बांग्लादेश पर बड़ी जीत के साथ फाइनल में टीम इंडिया अब पाक से टक्कर
318769,Is Aamir Khan celebrating Dangal's success in China with these dance moves? - View HQ pics
380459,Is Katrina Kaif's midnight gym session anything to do with her IIFA performance? See photo
367352,Is This Superstar Now Dating This Supermodel?
376403,Is This Why Kareena Kapoor Khan Skipped Karan Johar's Birthday Bash?
439601,ISIS Chief Bagdadi May Have Died Claims Russian Military
407533,ISIS Says It Killed Two Chinese Teachers Kidnapped In Pakistan
348277,It Looks Like Ranveer Singh & Deepika Padukone Are Living Together
3966,J&K: श्रीनगर के हैदरपुरा में नमाज़ के बाद पुलिस जवानों पर आतंकी हमला एक जवान शहीद
376059,Jagga Jasoos song Ullu Ka Pattha: Ranbir Kapoor Katrina Kaif shot this song after break-up
450125,Jaitley announces GST roll-out on June 30 midnight; rates fixed for hotels lottery
376058,Jat Sikh From Punjab Commits Suicide After He Discovers His Wife's Mother Is A Dalit
417213,Jayalalithaa's niece Deepa Jayakumar brother Deepak fight over Poes Garden house target Sasikala
3892,JEE Advanced Result 2017: आलू बेचने वाले के बेटों का हुआ IIT में सेलेक्शन
323179,Jinder Mahal beats Randy Orton to win WWE Championship at Backlash
445112,K Srikanth Stuns World No. 1 Son Wan Ho To Enter Indonesia Open final
444162,Kalki Koechlin Looks Like A Doll In This Ruffle Dress
385840,Kamal Hassan Slams 28% GST On Regional Cinema Says He Might Quit Films
425417,Kangana Ranaut-Hrithik Roshan Rekha-Amitabh Bachchan: Actors who will never work together again
411723,Kansas Man Who Killed Indian Engineer Srinivas Kuchibhotla Charged With Hate Crime
393311,Kapil Sharma wants Sunil Grover to return to show- Here's a proof
430076,This Virat Kohli Painting Sold For A Whopping $3.7 Million Dollars At His Charity Dinner
370548,This Woman's Hair-Art Is Undoubtedly Fabulous - She Literally Turns Hair Into A Work Of Art!
366379,To Avoid Irking China India Won't Include Australia In Naval Drills
393107,Top 7 Indian Outsourcing Companies Got Fewer H-1B Visas In 2016: Report
442955,Top Lashkar Terrorist Junaid Mattoo Killed In Jammu And Kashmir Encounter Say Police
374915,Tremors felt again in Haryana's Rohtak after 5.0 magnitude rattles Delhi adjoining areas
426150,TV Actress Kritika Chaudhary Found Dead At Her Apartment In Mumbai
30139,TV Icon Ankita Lokhande Signs Her First BollywoodÂ Film Opposite This Actor
403078,Uber Fires Executive Who Allegedly Obtained 2014 Delhi Rape Victim's Medical Records
358493,Umesh Yadav posts pic of dine-out with Virat Kohli and Indian teammates
444926,UP Govt's Order To Dissolve Waqf Boards Is Illegal & Undemocratic Says Azam Khan
361425,UP Minister Swati Singh Seen At Beer Bar Opening Yogi Adityanath Seeks Report
3838,UP: किसानों की कर्जमाफी के लिए साढ़े 16 हजार करोड़ रुपए का कर्ज लेगी योगी सरकार- सूत्र
371160,UPSC Civil Services Result Declared! Here's Who The Next IAS Or IPS Would Be!
389809,Van Driver's Daughter Scores Full Marks In 10th Studies In The Same School Where Her Dad Works
370140,Victoria & Abdul: The Story Of An Unlikely Friendship Between The Queen & Her Indian Servant
450124,Vidya Balan's Adorable Father's Day Message For Her Dad Is A Tribute To Fathers Everywhere
387797,Vijay Mallya spotted at India-Pakistan Champions Trophy game in Birmingham
394506,Vijay Mallya Went To Kohli's Charity Ball Only To Be 'Ignored' By Indian Team
442951,Violence rocks Kashmir: 6 policemen shot dead in LeT ambush 2 civilians killed in clashes with securitymen
442951,Violence rocks Kashmir: 6 policemen shot dead in LeT&#8201;ambush 2 civilians killed in clashes with securitymen
380644,Virat Gets Candid About Everything From Being A Feminist To How Anushka Changed Him As A Person
361429,Virat Kohli 'unhappy' with Anil Kumble BCCI's Big 3 to broker peace?
403076,Virat Kohli Is The Only Indian In List Of Top 100 Highest Paid Sports Stars In The World
426992,Virat Kohli Signs Another Mega-Bucks Contract After 100-Crore Puma Deal
426857,Virat Kohli Shah Rukh Salman Khan among Forbes' 100 highest paid celebrities in the world
380266,Virat Kolhi's Diet: The Simple Regime Behind An Extraordinary Athlete
397957,Virender Sehwag Sends Two-Line Application For Coaching Job
361757,Vivek Oberoi revisits his infamous fight with Salman Khan and we can't help but love his sense of humour
391104,Wahab ruled out of Champions Trophy with ankle injury
394703,Want to be a part of Salman Khan's Bigg Boss 11? Here is your chance to win the golden ticket 
426175,Was In Tears When I Shared Captaincy News With Anushka: Virat Kohli
353674,Way Before Dhinchak Pooja It Was 'Emotional Atyachaar' That Made Cringe Mainstream
348868,We Tried Decoding The Genres Of Bollywood Films & Turns Out It Wasn't That Difficult
398512,Wedding Photo Of Kerala Left Leader's Daughter Is Viral. Party Displeased
428485,What's At Risk If Triple Talaq Is Declared Unconstitutional
352861,When Kapil Sharma decided to keep quiet on a plane
362903,When Priyanka Chopra met PM Narendra Modi in Berlin
376395,Why Anil Ambani Is Richer Even After $513 Million Telecom Wipeout
422333,Will Deepika Padukone Star In P.V. Sindhu's Biopic?
370343,With 1080 aircraft orders India to be 3rd largest buyer of passenger planes
393304,Woman Allegedly Gang Raped 9-Month-Old Daughter Thrown Off Moving Auto In Gurgaon
446311,World Cricket's Biggest Match to Decide Champions Trophy Title
387795,World Environment Day: Despite increasing green cover India is losing its forests
362581,World No Tobacco Day: 9 Health Consequences of Smoking You Need to Know
389476,Wounded Tigers Bangladesh Eyeing Strong Comeback Against Australia
422318,WTF Freaky Trend &#8211; Black Tapes Are Replacing Clothes Of Women !
415623,Xi Jinping Snubs Nawaz Sharif After 2 Chinese Teachers Killed In Pakistan
426177,Yoga for Double Chin: An Inexpensive Way to Lose That Extra Facial Chub
385293,Your Baby's Teeth Can Predict the Risk of Autism?
387790,Yuvraj's innings changed the match - Kohli 
3210,अगर 10 मिनट में राष्ट्रपति ट्रंप ने ये निर्णय नहीं किया तो फिर अमेरिका का बचना मुश्किल है ! 
3692,अगर आपका भी पेट बार बार फूलता है तो आपको ये 7 बीमारियाँ हो सकती है !
3092,अगर आपकी राशि है ये तो लड़कियाँ आपको घास भी नहीं डालेंगी 
1682,अगर सुबह चाहिए परफेक्ट बाल तो रात को अवश्य करें ये काम 
3772,अगले 1000 सालों में इन्सान कैसा दिखेगा ये विडियो आज ही देख लो तो अच्छा है!
1678,अचानक से लड़की नज़र अंदाज़ करने लगे तो फिर क्या करे ! 
3374,अनिल कपूर की ये दिलचस्प लवस्टोरी यकीनन आपने पहले कभी नहीं सुनी होगी ! 
2972,अपनी गर्लफ्रेंड की राशि जानकर इस तरह उसे कर सकते हैं उत्तेजित ! 
3630,अपनी राशि अनुसार चुनें अपना करियर
3658,अपने होने वाले पति से हर लड़की पूछना चाहती है ये सवाल !
3872,अब 'परी' बनकर लोगों को डराएंगी अनुष्का शर्मा फिल्म का फर्स्ट लुक रिलीज देखें
1606,अब तो चीन ने भी मान लिया कि 2024 तक मोदी से भिड़ने की न सोचे क्योंकि 
3572,अब फ़िल्मी पारी की शुरुआत करेंगे धोनी जानिये किस फ़िल्म से उतरेंगे सिल्वर स्क्रीन पर !
3724,अब महिलाओं को दी जायेगी खड़े होकर टॉयलेट करने की ट्रेनिंग जानिए क्यों?
3260,अबराम के पिता शाहरुख़ नहीं बल्कि आर्यन है ! 
2808,अभिनेत्रियों के हाथ पर थूकने के पीछे आमिर खान बताते हैं यह टोटका ! 
3594,अभिषेक और ऐश्वर्या की खुली पोल लाख-छिपाने पर भी सब असलियत जान गई बेटी !
3924,अमिताभ ने कभी दी थी अनिल कपूर को ये नसीहत जिसे आज भी वो करते हैं फॉलो !
2322,अमेरिका की धमकी अब इस देश को दुनिया के नक़्शे से मिटने से कोई नहीं रोक सकता है 
3452,अमेरिका के इन शहरों की बदनाम गलियाँ जहाँ पर होते हैं गंदे काम !
3372,अमेरिकी खुलासा पाक को सबक सिखाने के लिए मोदी करने जा रहे हैं अब ये काम 
3506,अरबपतियों की बेटियाँ जीती है ऐसी लाइफ !
3918,अर्जुन रामपाल की 'डैडी' का आज आएगा ट्रेलर 21 जुलाई को होगी रिलीज फिल्म
1664,अलग-अलग देशो में लड़कियों की सुन्दरता के पैमाने आपको हैरान कर देंगे! 
407359,Raabta movie review LIVE: Sushant Singh Rajput Kriti Sanon Jim Sarbh make this story work
398510,Rani Mukherjee Is Giving Tough Competition To Ranveer! Can't Imagine An Actress Dressing So Weirdly
398330,14 Years Old Boy Given Zero In All Subjects! The Reason Will Surely Make You Furious!
427220,Meet This Noida Family That Has Nine Full-Time YouTubers Including An 8-Year-Old Girl
434390,Modi Govt's Cow Slaughter Ban Is Tearing Apart The Leather Industry Slowly
3942,MP: सिंधिया का 72 घंटे का सत्याग्रह बोले- ‘मैं कुर्सी के लिए ये सब नहीं करता’
381216,Neeraj Chopra Wins Gold Sets New Federation Cup Meet Record
440548,No Matter How Much Fancy Footwear I Own My Chappals Will Always Be My Favourite
389153,Never start gymming without proper guidance from an expert. It could cost your life
381022,One Fact Which Shows That India Are Simply Better Than Pakistan
3136,लड़कों को पसंद आते हैं अपनी गर्लफ्रेंड के ये झूठ 
430631,'YHM' actress Karishma Sharma to star in Ekta Kapoor's web series 'Ragini MMS 2.2
442957,[PHOTOS] Ranbir Kapoor and Deepika Padukone party together at Imtiaz Ali's birthday bash
394306,19 Year Old Girl Makes Rich Friends On WhatsApp & Here's What She Does To Them!
333212,6 Seeds You SHOULD Eat Every-Day To Improve Your Health!
439611,A Combination of Vitamin C and Antibiotics Can Kill Cancer Cells More Effectively Say Experts
384943,Aditya Roy Kapur loses a film opposite Alia Bhatt
385641,Katrina Kaif DITCHES her manager Reshma Shetty for Salman Khan
397955,Modi govt gears up for 2019 polls with 'a project a day'
370544,Not Just Arjun Kapoor Salman Khan's Darling Sister Had A Secret AFFAIR With This ""PINK"" Star Too!
3430,कैसा महसूस होता है जब आपको पॉर्न देखने के पैसे मिलते है पढ़िए एक पॉर्न एडिटर की आपबीती
3758,जिन महिलाओं के ये निजी अंग बड़े होते हैं वो कुछ ऐसी होती है !
3504,यहाँ सिर्फ एक सैंडविच के लिए कमसीन लडकियाँ बनाती हैं मर्दों से संबंध !
3810,ये खूबियाँ रखने वाले स्टूंडेंट्स को खुद कॉलेज आकर ले जाती हैं कंपनियाँ !
3334,ये योग्यताएँ हैं तो आप भी बन सकते हैं देश के राष्ट्रपति ! 
3804,ये हैं बॉलीवुड की 5 सुपरहिट माँ और उनकी सुपर फ्लॉप बेटियाँ !
3524,राष्ट्रपति के ड्राईवर से इतिहास के प्रोफेसर बनने की दिलचस्प कहानी
3659,वजन कम करना है तो ज्यादा काम आएगा ये नुस्खा!
3486,विश्व के इस सबसे सस्ते हथियार बाज़ार में खिलोनों के दाम मिलती है असली AK 47
3756,साधारण से दिखनेवाले इस फोन में ऐसी क्या बात है कि इसकी कीमत रखी गई है 2.3 करोड़ !
3716,सेक्स के दौरान बिस्तर पर अक्सर ये 7 गलतियाँ करती हैं महिलाएँ !
3242,…और सलमान की आंखों से छलक ही गया वो दर्द जिसे उन्होंने बरसों तक छिपा रखा था ! 
411717,'God Will Provide' Believe 3 Pakistani Men Who Sired 96 Children
408587,I am happy that Hrithik Roshan is playing me- Anand Kumar
434802,I Have Decided To See To It That He Does Not Get Married A Third Time - Salman Khan On Aamir Khan
380653,[Photos] Hrithik Roshan catches a late night show of Wonder Woman with ex wife Sussanne and kids
3888,1000 औरतों के साथ सोने के बाद भी ये आदमी बदनाम नहीं हुआ !
417412,12 Dangerous Effects Of Bad Sleeping Habits That You Can't Ignore
3508,12 महीनों में कई खास कारणों के लिये जाना जाता है मई का महीना !
366430,14 'Yeh Jawaani Hai Deewani' Dialogues That Prove It's Our Generation's Favourite Coming-Of-Age Film
397951,14-Year-Old Girl Allegedly Gang-Raped In Bus In Tamil Nadu 3 Arrested
440347,24 Years After 1993 Blasts Mastermind Dawood Ibrahim Is Still Absconding. This Is What He May Look Like Now
365977,27-Year-Old PhD Student Found Dead In IIT Delhi Campus
387791,4 Terrorists Killed While Trying To Attack CRPF Camp In Jammu And Kashmir's Bandipora
390131,50 per cent of rape cases in India can be prevented if we build toilets says Akshay Kumar
3698,786 नंबर को आखिर इतनी अहमियत क्यों दी जाती है जानिए इसके पीछे का ये रहस्य !
374910,A Throwback To The 2000 Champions Trophy When Team India Found Its Aggression & Winning Attitude
412475,Aamir Khan in China Shah Rukh Khan in Germany - 7 Bollywood stars who have massive fan following in other countries
389803,Aamir Khan's Dangal is inching towards the Rs 1900 crore mark at the worldwide box office
425415,Aamir Khan's Dangal to receive only 25 per cent revenue from the China box office
376739,Aishwarya Rai lookalike Sneha Ullal left films due to severe illness stayed away for 4 years. See photos
426183,Kapil Sharma's ex-colleague Ali Asgar and ex GF Preeti Simoes join Krushna Abhishek's Comedy Company?
394315,Karnataka: Pregnant Muslim woman stabbed burnt alive for marrying Dalit man
394513,Katrina Kaif makes a sacrifice to let Ranbir Kapoor shine in Jagga Jasoos? This video says so...
380267,Katrina Kaif: Please leave Alia Bhatt for Varun Dhawan and Salman Khan for me!
442953,Kerala Gets Its First Metro In Kochi Today Prime Minister Narendra Modi To Flag Off: 10 Points
402787,Kim Sharma Might Work For Free After Split From Husband Reports Say (Also May Not Be Single)
405970,Kohli credits Sri Lanka for seizing the moment
412846,Kohli Faces His Toughest Test As India Take On South Africa In Do-Or-Die Clash
389477,Less Than 10 Crore Come For Bollywood Over The Weekend At The Box Office
407528,LFC Transfers: Roll Out The Red Carpet Van Dijk Will Be A Liverpool Player!
424213,Maharashtra govt tapping new sources to fund Rs 30000 crore farm loan waiver
367518,Meet ISC Class 12 Topper Ananya Maity! She's Multi-Talented & Doesn't Have A Facebook Account
417803,MS&#8201;Dhoni's unique way of handling pressure in ICC&#8201;Champions Trophy 2017
426181,Narendra Modi's new India vision will help US job creation: Sean Spicer
449117,On President Poll Uddhav Thackeray Rejects Amit Shah Proposal: Sources
430074,Over 13 Jawans Injured In Series Of Militant Attacks In Kashmir Army On High Alert
390137,Parineeti Chopra and Alia Bhatt hang out with friends
449921,Pictures of Salman Khan with children that prove that he will be a great dad!
407355,PM Modi meets Chinese President Xi Jinping on SCO sidelines
448713,Priyanka Chopra's outfit is proof that she refuses to compromise on her comfort
434392,PWD Slaps AAP With A Fine Of Rs 27 Lakh For 'Unauthorised Occupation' Of Party Office
411715,Raabta box office collection Day 1: Sushant-Kriti's film has a decent opening
413042,Rahul Dravid Responds To Ramachandra Guha's Letter Says Not Under A Conflict Of Interest
384938,Railways Told To Pay Rs 75000 Compensation To Passenger Whose Reserved Seat Was Occupied
371154,Rajasthan HC Judge Asks Govt To Declare Cow As India's National Animal! Here's Why
420992,Rajiv Gandhi's Famous 15 Paise Remark Finds Mention In SC's Order On Aadhaar
375561,Ramachandra Guha's Resignation Letter Questions MS Dhoni Getting Grade A Contract
3676,करोड़ों की कमाई करने के बावजूद बॉलीवुड की ये अभिनेत्रियाँ रहती हैं किराए के घर में !
761,किसान आंदोलन: शिवराज आज उपवास पर बैठेंगे मंच सजा नए-नए कूलर लगे शौचालय बना
3848,कॉलेस्ट्रॉल कम करने से लेकर पिंपल्स भी दूर कर सकती है गाजर!
3568,क्या आप अपने चेहेते सितारों के इन भाई-बहनों से कभी मिले हैं !
4034,क्यों रहती है आपकी जेब हमेशा पैसों से खाली ?
2602,खुल रहा है ऐसा रेडलाइट एरिया जहाँ रोबोट होंगी कॉलगर्ल ! 
3094,घंटो बैठकर काम करने को मजबूर हैं तो सेहत के लिए अपनाइए ये उपाय ! 
3944,जब 8 किमी पैदल चलकर शेरा ने सलमान को निकाला था सुरक्षित !
3870,जानें- सोनम कपूर ने ऐसा क्या किया जो उनसे नाराज हो गए अमिताभ बच्चन!
3736,जीन्स के नये ट्रेंड में ‘ प्लास्टिक जीन्स ’ को क्या आपने मारकेट में देखा है?
3726,बॉलीवुड का ये सिरफिरा अभिनेता लड़का हो या लड़की हर किसी को जबरदस्ती करता है किस !
3520,बॉलीवुड का ये हीरो फिल्मों में आने से पहले लोगों के घरों पर वॉचमैन था ?
3972,बॉलीवुड की इन बेमेल जोड़ियों को देखकर आप भी कहेंगे ‘ओ माई गॉड’
3516,ब्रेकअप के बाद आज भी प्रियंका ने संभालकर रखी है एक्स-बॉयफ्रेंड की ये खास चीज !
3812,ब्वॉएज़ ट्रिप पर जाने के लिए गर्लफ्रेंड से ऐसे लें परमिशन
2866,ब्वॉयफ्रेंड की फैमिली को इंप्रेस करना आसान बात नहीं है। 
3864,भारत से भिड़ने से पहले बांग्लादेशी कप्तान मुुर्तजा ने कहा हम बिना चिंता के खेलना चाहते हैं
3628,भारत-पाकिस्तान बंटवारे के ये 7 फैक्ट आज भी ज्यादातर भारतीयों को नहीं पता है।
3898,मर्द क्‍यों करते हैं बीवी से तकरार और गर्लफ्रेन्ड से प्‍यार !
3492,यही है वो गुफा जहाँ शिव के रुद्रावतार हनुमान जी ने लिया था जन्म !
3728,ये टॉप की अभिनेत्रियाँ जो कभी नहीं खाती नॉनवेज !
3834,ये हैं मर्दों की वो 6 अहम बातें जिनसे जल्दी पट जाती हैं लडकियाँ !
3534,ये हैं यूपी बिहार की खूबसूरत अभिनेत्रियाँ जिन्होंने बॉलीवुड में मचाया धमाल !
3936,रोमांस के मामले में इन राशियों की लडकियाँ होती हैं चंचल !
3514,वह धर्म जिसमे होती है सेक्स की पूजा बड़े-बड़े हॉलीवुड स्टार हैं इसके अनुयायी !
3570,विराट कोहली और अनिल कुंबले के बीच पड़ गई है दरार जानिए क्या है वजह?
3704,वैसे तो ऐश्वर्या किसी से नहीं डरती लेकिन इस बात से उन्हें लगता है सबसे ज्यादा डर !
3814,शादी के कार्ड में वर-वधु के नाम के आगे चिरंजीव और आयुष्मती लिखने के पीछे ये है असली वजह !
3620,शादी से पहले सेक्स पर श्रीदेवी के इस बयान को सुनकर आप अपनी हंसी नहीं रोक पायेंगे !
3820,श्रीराम के भक्त हनुमानजी ने किए थे तीन विवाह फिर भी कहलाये बाल ब्रह्मचारी !
3654,सनी लियोनी की हॉट अदाओं को तो आपने बहुत देखा अब देखिए सनी का देसी जानलेवा लुक को!
3598,सलमान खान के कहने पर इस अभिनेत्री ने पार कर दी थी बोल्डनेस की सारी हदें !
3762,सलमान खान ने जब अभिषेक के सामने किया ऐश्वर्या को किस तो जानिए क्या हुआ !
260,साल बदले या शताब्दी आपकी आने वाली पीढ़ी भी इन 10 चीजों को ऐसे ही देखेगी! 
3642,हाथ से निकल जाए नौकरी तो करें ये काम !
396550,'Australia at its best in knockout situations' - Starc
362901,'Baahubali' Prabhas to marry industrialist's granddaughter?
421877,'Bank Chor' Sounds Like Behen***d Says Censor Board Asks The Makers To Redo The Title
430823,'Daddy': Arjun Rampal becomes fifth Indian actor to launches movie trailer at Google headquarter
449316,'Harry Potter' Actor Sam Beazley Dies At The Age Of 101
356481,'Isn't this our country?' Why Muslims in Uttar Pradesh feel shaken 'harassed'
427075,'Keep Dreaming About Billions Of Pounds': Vijay Mallya Outside UK Court
439605,'No More Jobs In Qatar': Indian Workers On Gulf Crisis Frontline
374911,'Not Renegotiable': European Leaders Slam US For Exiting Climate Deal
402523,'Plastic Rice' Being Sold In Hyderabad? Samples Sent For Testing
444169,'What is going to happen to me the first night in my grave?' Slain Kashmir cop's Facebook post haunts Anantnag
3564,'नहीं रहे शाहरुख खान'... ये जानकर ही पुलिस ने दम लिया! 
3646,‘योगी और मोदी’ की इन समानताओं के बारे में आप बिलकुल भी नहीं जानते होंगे!
376738,10 Cult Raj Kapoor Films That Prove He Truly Was The Showman Of Hindi Cinema
353464,15 Bollywood Actors Who've Aged Like Fine Wine
429686,15 Empowering Quotes From Successful Entrepreneurs That Are All The Motivation You Need
450122,18 Years On True Mature Love As Shown In 'Hum Dil De Chuke Sanam' Still Remains Relevant
3690,1841 से इस सीरियल किलर के सर को रखा गया है सुरक्षित -इसके पीछे बेहद अजीब कारण है
3974,1993 मुंबई ब्लास्ट में अबु सलेम सहित 6 दोषी सलेम को नहीं हो सकती फांसी
448712,20 Memorable Photos From India-Pakistan Matches To Get You Ready For The Final
384604,20 Photos That Prove You Don't Need A Field To Play Cricket You Just Need A Bat & Ball
428483,200 Firefighters Battle Massive Blaze At London High-Rise
3828,2030 तक धरती पर नहीं बचेंगे ये 5 देश !
375554,23-Yr Delhi Techie Allegedly Shot Dead By Boyfriend! Murder Caught On Camera!
394866,3-Year-Old Girl Allegedly Raped By Her School Director Parents File FIR
4006,30 की उम्र से पहले करोड़पति बनने के 9 करियर ऑप्शन्स
425978,4 Kg Heroin 3 Kg Smack AK-47 All Seized From Punjab CIA Inspector's House
445186,5 Women Reveal Truth About Their Experience Of A Live-in Relationship
379269,50 fake online orders in 4 months: Gang of teenagers robbing delivery boys in Delhi arrested
434598,7 Questions That Annoy Every Tattooed Woman In India
415641,8 Must-Have Essentials For Monsoon Season
430630,9 Kashmiri Students Crack JEE Advanced All Thanks To An Indian Army Initiative
413036,90 Per Cent Of Pickpockets In Delhi Metro Are Women Gangs Says CISF Data
332,90 के दशक में कई हिट फिल्में देने वाले राजेश खन्ना के जीवन पर एक नज़र 
433391,A Serial Loser A Couple From Mumbai.... See Who Is Running For President
413051,Aadhaar Must For Filing Tax Returns New PAN From July 1: Government
411699,Aadhaar to be linked to PAN but SC wants safeguards relaxed penalties: All you need to know
422176,AB de Villiers Got Really Emotional After Losing To India & Says SA Can Still Win World Cup
426179,Adding Red Onions to Your Daily Diet May Help Combat Cancer
390130,Afridi Is Super Impressed With India's Victory & Very Unhappy With Pakistan's Performance
422025,After 'world's largest beach clean-up' Versova gets a coconut lagoon
403080,After Embarrassing Pakistan India Look To Punish Familiar Foes Sri Lanka In Champions Trophy
398513,After Gang-Rape Gurgaon Woman Travelled To Hospital On Metro Holding Dead Baby
440346,After Termination Of Over 60000 Employees IT Forum Seeks Help From State Govts
430812,Ahead of Champions Trophy Semis Virat Kohli Regaining His No 1 ODI Rank Is Exactly What Team India Needs
362905,Air India In Multiple Scams Says CBI. Here's What It's Investigating
426537,Akhilesh Yadav's 'Hidden Face' On School Bags In Gujarat Baffles Many
413040,Akshay And Twinkle's Luxurious Home Will Make You Envious !
417455,Akshay Kumar and Ajay Devgn: A 25-year old Bollywood rivalry almost too subtle to notice
417805,Akshay Kumar and Bhumi Pednekar's this still from Toilet Ek Prem Katha made us impatient for the trailer
362371,Akshay Kumar shares a perfect solution to reduce rape percentage in India
376564,Akshay Kumar&#8217;s Embarrassing First Love-Story Is So Damn Relatable!
376229,Alia Bhatt opens up on link-up rumours with Sidharth Malhotra
324987,Alia Bhatt Was Denied Entry Into A Bar For Looking Too Young
347657,Baahubali 2 (Hindi): 5th Friday Box Office Collections
767,BANvsNZ: बड़ा उलटफेर कर बांग्लादेश ने न्यूज़ीलैंड को टूर्नामेंट से किया बाहर
338447,BCCI invites applicants for Team India coach Anil Kumble a direct entry
30151,Did You Know That Armaan Kohli Physically Tortured THIS Tarak Mehta Actress In Their Relationship?
439609,Ladies Just 30 Minutes of Exercise Can Make You Feel Positive
379267,Leo Varadkar: Born to an Indian father a historic gay PM for Ireland
375360,Let's Be Honest Wanderlust Is Probably The Most Overrated Social Media Trend Ever
448513,Lovebirds Alia Bhatt and Sidharth Malhotra in work mode - view pics
401137,Madhya Pradesh farmers protest LIVE: DM SP removed Rahul Gandhi leaves for Mandsaur
417809,Maharashtra Announces Loan Waiver For Farmers After Days Of Protests
411721,Mahatma Gandhi Was 'Chatur Baniya' Wanted Congress Dissolved: Amit Shah
399196,Mamta Kulkarni & Husband Vicky Goswami Declared As Offenders In Drug Haul Case By Thane Court
417614,Man For The Big Occasion: Shikhar Dhawan Always Saves His Best For Major Tournaments
385301,Man Got 44th Rank In UPSC & Rejected Rs 22 Lakh Offer From Amazon! Reason Will Make You Respect Him
403444,Man Was Taking Drugs In Public Toilet. When Caretaker Stopped Him He Killed Her 21-Yr Son
420997,Mandsaur agitation: How demonetisation brought MP farmers onto streets
440349,Meet Rishi Shah an Indian-American college dropout who is Chicago's latest billionaire
440348,Mohammad Amir likely to be fit for final
367516,New Rule By Government! Mobile Number Will Be Deactivated If Not Linked To Aadhaar Card!
433393,Nitish Kumar Asks Yogi Adityanath To Not Come To Bihar 'Empty-Handed'
426173,No meat no sex pure thoughts: Modi ministry's prescription to pregnant women for healthy baby
403446,North Korea Fires Another Salvo Of Missiles Defying International Condemnation
379265,Not One Bullet Fired In 40 Years Despite Border Dispute With China: PM Modi
405975,Oh No! Here's Some Sad News For All You Kareena Kapoor Fans
417210,On Suggestion Of Chief Justice Delhi HC Starts Yoga Classes Ahead Of International Yoga Day
445114,One More Farmer Commits Suicide In Madhya Pradesh Death Toll Rises To 12
445115,Pakistan bowlers will realise the importance of controlling Virat Kohli on Sunday: AB de Villiers
429689,Pappu Slur Acted On Quickly But Abusing Army Chief Isn't Says BJP
427218,Patna's Super 30 Does It Again All 30 Students Clear IIT-JEE Advanced Exam This Time
370141,Paul Allen Just Rolled Out The World's Largest Airplane
405973,PM Narendra Modi Greets Nawaz Sharif To Meet China's Xi Jinping Today: 10 Points
383403,Police Say 6 People Slain In 'Terrorist Incidents' On London Bridge And In Nearby Market
366988,Priyanka Chopra Reveals What Really Matters When Choosing A Partner
434393,Qatar Signs $12 Billion Deal For US F-15 Jets Amid Gulf Crisis
389807,Qatar's dispute with Arab states lifts oil prices may impact LNG supplies
422327,Raees Director Opens Up About SRK Intolerance And Much More
444165,Rahul Dravid: Can't think of an all-time India XI without Yuvraj Singh
403445,Rahul Gandhi Detained On Way To Violence-Hit Mandsaur In Madhya Pradesh
440345,Rajinikanth-Akshay Kumar's 2.0 bagged by Baahubali 2 distributor
445681,Ranbir Kapoor on nepotism: Of course it exists I want to ensure my kids get the right first film
412659,Ranbir Kapoor Varun Dhawan and Aditya Roy Kapur bring in the weekend with Karan Johar - view HQ pics
385113,Ranveer Singh is 'missing' Deepika Padukone. Is this finally an acknowledgement of their relationship? See photo
421195,Ranveer Singh rejects a film with Katrina Kaif because of girlfriend Deepika Padukone?
295608,Rishabh Pant Didn't Get Picked For Champions Trophy But He's Got Dravid's Stamp Of Approval
3650,कपिल शर्मा अपने शो में इन सितारों को बुला बुलाकर थक चुके हैं लेकिन ये सितारें है कि…!
3800,काजोल के मना करने के बाद भी आखिर क्यों उनके सामने शर्टलेस हो गए थे सलमान
3440,कुछ इस तरह शुरू हुई थी विराट और अनुष्का की लव स्टोरी !
3732,कुछ ऐसी थी प्रियंका गाँधी और रॉबर्ट वाड्रा की लव स्टोरी!
3448,कुछ ऐसी थी सोनाली बेंद्रे और राज ठाकरे की अधूरी प्रेम कहानी !
3840,कृति सैनन ने चार सालों में की हैं सिर्फ तीन फिल्में जानें इस धीमी शुरूआत पर क्या है उनका कहना
3680,क्या आप जानते है पाकिस्तान में भारतीय जासूसी के ये चर्चित मामले ?
320,क्या आप जानते हैं लिवइन रिलेशनशिप को लेकर लड़कों की क्या सोच होती है?
3604,क्या आपको पता है आलिया भट्ट का ये बाथरूम सीक्रेट?
236,क्या आपको पता हैवकील काला कोट ही क्यों पहनते हैं? 
1882,क्या बिस्तर में ‘Size’ से फर्क पड़ता है? 
3694,क्यों भाई-बहन जैसे दिखने लग जाते हैं पति-पत्नी?
3794,क्यों सिर्फ मर्द ही होते हैं गंजे औरतें नहीं !
4024,खुल गया राज़ 19 साल पहले सलमान ने आखिर क्यों उतारी थी शर्ट !
3468,गंगा नदी को इस वजह से बांधना पड़ा था शिव को अपनी जटाओं में!
3916,गर्भवती महिलाओं को सरकार की सलाह 'सेक्स से रहें दूर न खाएं अंडा'
3510,गर्मी के मौसम में ये है भारत के सबसे पसंदीदा टूरिस्ट प्लेस !
3662,गर्मीयों में इन पांच तरह के कपड़ों से दूर रहे वरना शरीर में हो सकता है इंफेक्शन !
3644,गुरुवार को पीला रंग पहनने के फायदे जानकर हैरान रह जाएंगे आप !
3272,गूगल पर गलती से भी पोर्न मूवीज सर्च करना खतरनाक साबित हो सकता है ! 
3376,चीन की गलियों में लग रहे हैं ऐसे पोस्टर जिसे पढ़ने के बाद लोग अमेरिकी से दूर भाग रहे हैं 
3512,चीन में पढ़ाई करना चाहते हैं तो करें ये काम
3388,चुपके-चुपके रतन टाटा चला रहे हैं ये छोटे स्टार्ट अप्स
3754,जब पाकिस्तान में एक मुस्लिम लड़की लगाती है बिंदी तो उसके साथ होता है कुछ ऐसा…!
3830,जब महिला रिपोर्टर के सामने दबंगई दिखाते हुए सलमान खान करने लगे इस काम की जिद !
2266,जलियांवाला बाग़ की दर्द भरी कहानी आपको पढ़नी चाहिए उस दिन की पूरी कहानी 
376,जवानी बरक़रार रखता है शकरकंद रोज़ाना सेवन करने से होंगे कई लाभ
3682,जानिए आखिर किस वजह से अमिताभ बच्चन ने राजनीति से तौबा कर ली थी!
3350,जानिए एक वैश्या और एक भिखारी की इमोशनल प्रेम कहानी! 
3684,जानिए कितना फर्क है भारत के कश्मीर और पाक अधिकृत कश्मीर में!
3798,जानिए किस वजह से हनुमान ने लिया था पंचमुखी हनुमान रूप!
3928,जानिए पांडवों से विवाह के पहले कौन था द्रौपदी का असली प्रेम !
3816,जानिये क्यों रेग्युलर कॉलेज से बेहतर है डिस्टेंस एजुकेशन से पढ़ाई करना !
1526,जानें क्यों अजीत डोभाल हैं देश के सबसे बड़े जासूस 
3982,जिम करते समय लड़कियों को इन 5 बातों का रखना चाहिए ध्यान
3774,जिस जॉब का सपना देखते हैं उसे पूरा करने के लिए करें ये काम !
3906,जुलाई तक किसानों की कर्ज माफी लागू नहीं हुई तो उठाएंगे बड़ा कदम- उद्धव ठाकरे
3608,बॉबी देओल को पहली नजर में हुआ था तान्या आहूजा से प्यार ! ऐसे शादी में तब्दील हुई ये लव स्टोरी !
3398,बॉलीवुड के इन एक्टर्स की ये न्यूड तस्वीरें हो चुकी हैं वायरल क्या आपने देखी !
3760,बॉलीवुड के टॉप स्टार की वैनेटी वैन फाइव स्टार होटल के रूम से बेहतर है !
3500,बॉलीवुड के ये सितारे जब बन गए अपने पड़ोसियों के लिए सबसे बड़ी मुसीबत !
2584,बॉलीवुड के सेलिब्रिटीज करते हैं अपनी नौकरानियों से इतना गंदा बर्ताव कि…! 
3994,बॉलीवुड में आने से पहले ही किसके सपने देख रही हैं श्रीदेवी की बेटी जान्हवी ?
3266,ब्रेकअप का गम भूलाने के लिए ज्यादातर लडकियाँ इन 7 कामों को करना पसंद करती हैं 
3418,ब्रेकअप हो जाने के बाद भी सपने में एक्स आता है तो उसके ये कारण हो सकते है!
2865,ब्रेस्ट कैंसर से बचने के लिए फूड!
2074,भगत सिंह की फांसी से खफा होकर 26 जनवरी को सुभाष च्रंद्र बोस ने यहां फहराया था तिरंगा 
3744,भारत का यह गाँव है एशिया का सबसे साफ-सुथरा गाँव जिसे कहा जाता है भगवान का बगीचा !
3984,भारत की जीत पर सहवाग का ऐलान ‘फादर्स डे पर बेटे के साथ फाइनल है’
4026,भारत के इस शहर में बन रहा है दुनिया का सबसे ऊँचा और अनोखा मंदिर !
3738,भारत के तिरंगे से मिलते-जुलते हैं इन देशों के नेशनल फ्लैग !
3264,भारत ही नहीं बल्कि विदेशो में भी इन सितारों ने खरीद रखे हैं आलिशान बंगले ! 
3914,भारत-चीन युद्ध की वजह से कुंवारे ही रह गए रतन टाटा !
3734,माल्या का विला खरीद चुके एक्टर सचिन जोशी की बिजनेस लाइफ !
3730,मेजर ध्यानचंद ने हिटलर का ऑफर ठुकराते वक्त इतनी बड़ी बात कही थी!
4030,मोटापा कम करना है तो करें ये आसन! 
3710,मोदी और ट्रंप नेता है दो लेकिन इनकी कहानी एक सी है!
3596,मोदी से लेकर जुकरबर्ग तक जानिए कितनी देर सोते हैं दुनिया के सबसे कामयाब लोग !
3790,मोहम्मद अली जिन्ना ने एक बच्ची से शादी क्यों की थी!
3686,यह है विराट कोहली का फिटनेस सीक्रेट जो आप जरुर जानना चाहेंगे !
3546,यूपी के इस मंदिर में इश्क से छुटकारा पाने के लिये की जाती है पूजा !
3938,यूपी: ABP की खबर पर मुहर योगी ने माना- 'तय समय में पूरा नहीं हुआ गड्ढ़े भरने का वादा'
4022,ये 5 क्रिकेटर गेंदबाज बनने आये थे लेकिन बन गए टॉप क्लास बल्लेबाज!
3640,ये कलाकार ब्रश के बजाय जीभ से बनाता है पेंटिंग !
3672,ये पुलिसवाला खाली वक्त में चलाता है ऑटो वजह जानकर आप भावुक हो जायेंगे!
3610,ये शख्स ट्विटर पर फॉलो करने वालों को देगा 5 लाख रूपये !
3208,ये स्टार किड्स है अपने माँ-बाप के हमशक्ल तस्वीरे देखकर हैरान रह जाओगे! 
4010,ये हेयरस्टाइल बनाने पर आप दिखेंगी 10 साल जवान !
3550,ये है बॉलीवुड की टॉप टेन अमीर एक्ट्रेसेस जिनके पास है बेशुमार दौलत !
3600,ये हैं विटामिन D से भरपूर 10 आहार
3850,योग ने बदली जिंदगीः योगा से स्लीप डिस्क से लेकर माइग्रेन तक हो गया ठीक!
3718,रक्तदान जरूर कीजिए क्योंकि इससे होते हैं ये बेमिसाल फायदे !
3976,राष्ट्रपति चुनाव: सोनिया से मिली शाह की टीम कांग्रेस बोली- BJP के पास कोई नाम नहीं उल्टा हमसे पूछा
324,रोज भीगे हुए बादाम खाने के हैं अनेक फायदे इन्हें जानना होगा आपके लिए फायदेमंद 
3854,लड़कों की इन आदतों से लड़कियों को होती है नफरत !
3990,लोगों को बोर कर हर महीने इतने कमा लेती है ढिंचैक पूजा !
1745,वजन कम करने के लिए खाएं फ्लैक्स सीड्स!
3934,विदेश में कॉलेज चुनते समय ध्यान रखें ये बातें
3862,विराट कोहली की कमाई जानकर आपका दिमाग चकरा जायेगा !
4004,विराट कोहली को इस क्रिकेटर ने मारे थे थप्पड़ !
170,वीरान इलाकों में बने इन बेहद खूबसूरत घरों में रहना किसी ज़न्नत से कम नहीं 
2560,श्रद्धा कपूर को सुनसान आईलैंड पर ले जाना चाहते हैं ये भारतीय क्रिकेटर ! 
3890,श्रीलंका के खिलाफ कैमरे ने पकड़ी पाकिस्तानी कप्तान सरफराज़ की बेईमानी
3526,संजय लीला भंसाली से नाराज होकर पद्मावती के सेट से भागे रणवीर ले सकते हैं ये गंभीर फैसला
3896,सभी चाहते हैं भारत और इंग्लैंड के बीच फाइनल हो: विराट कोहली
3946,सरकारी नौकरी और प्राइवेट नौकरी दोनों के है अपने अपने फायदें इनमें से आप क्या चुनेंगे!
3612,सरकारी नौकरी चाहते हैं तो भूलकर भी ये गलतियाँ ना करें !
3490,सलमान खान और अरबाज खान के बीच ये बन गई हैं कलह का कारण !
3996,सारा के डेब्यू पर बोले पापा सैफ- कोई भी पैरेंट अपने बच्चों के लिए ऐसी जिंदगी नहीं चाहेगा
4018,सावधान ! हद से ज्यादा सेक्सुअली एक्टिव लोगों को हो जाती है ये खतरनाक बीमारियाँ !
3788,सिर्फ 20 दिन की शादी में 19 साल लग गए तलाक लेने में !
3826,सुपरस्टार रजनीकांत प्रणब मुखर्जी के बाद बन सकते है अगले राष्ट्रपति!
494,सुहाना को डेट करने के रूल्स शाहरुख़ की बेटी को डेट करना है तो ये रूल्स
3764,सेक्‍स लाइफ बेहतर करने के लिए ये व्यायाम है अचूक उपाय !
3940,सेमीफाइनल के महामुकाबले में आज भारत और बांग्लादेश होंगे आमने-सामने
3076,स्मृति ईरानी की सौतेली बेटी से शाहरुख खान का है ये इमोशनल कनेक्शन ! 
3964,स्वास्थ्य के ढ़ेरों फायदे चाहिए तो अपने दिन की शुरूआत करें इस सब्जी के जूस से !
3978,हिंदी फिल्मों के इस सुपरस्टर ने अपनी पत्नी की न्यूड पेटिंग बनाई थी !
318552,'Arts Padhke Koi Future Nai Hai' Is The Biggest & Most Pointless Lie There Is
358089,'Delhi Nagpur Can't Decide What We Eat' Says Kerala Chief Minister: 10 Facts
415622,'Every team would want Stokes' - Morgan
324583,'Mind Boggling' Reform That Will Reshape India's $2 Trillion Economy
353467,'Walk Your Way' To Improved Brain Function
394872,'We're looking at England game as a quarter-final' - Zampa
278,'सोम बाज़ार': एशिया के 5 ऐसे बाज़ार जो पानी में तैरते हैं भारत में भी है एक 
771,कतर पर राष्ट्रपति डोनाल्ड ट्रंप की दो टूक 'आतंकियों की फंडिंग अभी बंद करे'
3554,कपिल शर्मा के आ गए हैं अच्छे दिन मिलने वाला है यह अवॉर्ड
3412,कंप्यूटर पर काम करने वाले अपने खान-पान में अवश्य शामिल करें ये चीजें !
3386,कभी भारत में थी ये खूबसूरत घाटियाँ जो अब है इन पर पाकिस्तान का कब्जा !
3844,कमाई नहीं भावनात्मक पसंद की वजह से फिल्में साइन करते हैं आमिर खान
1982,करीना के साथ रिश्ते पर पूछे गए सवाल का जवाब देकर शाहिद ने की सबकी बोलती बंद ! 
4008,कश्मीर में कर्फ्यू : अनंतनाग में आतंकी हमले के बाद श्रीनगर में तनाव पिछले 24 घंटों में 8 पुलिसकर्मी शहीद
3648,किसी सुपरस्टार से कम नहीं है इन स्टार किड्स की पॉप्युलैरिटी !
2932,कैटरीना का पीछा कर रहा था उनका एक पागल फैन और बदले में उसे मिला…! 
3986,कॉलेज के पहले दिन करें कुछ ऐसा कि सारे लड़के आपके लिए अपने दिल का दरवाज़ा खोल दें !
352,क्या आप जानते हैं रेलवे की पटरियों के बीच गिट्टी क्यों डाली जाती है?
3868,क्या भारत वापस आएगा विजय माल्या? प्रत्यर्पण पर आज लंदन में सुनवाई
466,खजूर के फायदे खजूर खाने से होते है कई चमत्कारी फायदे।
3396,खबरदार मोदी सरकार का ये कदम आपके लिए जोखिम भरा हो सकता है
2636,गजब ! तो शादी के बाद इस जगह हनीमून पर जाना चाहती हैं आलिया भट्ट ! 
432,गंदे अंडरगारमेंट्स पहनने से आप भी हो सकते हैं इन बीमारियों के शिकार 
2824,गंदे लड़कों के इश्क में पड़ने के अपने अलग ही फायदे हैं जिसे यकीनन आप जानना चाहेंगे ! 
2542,गरमी से बचने के लिए बनाये ये सूपर कूल हेयर स्टाइल ! 
2770,गर्मियों में पेट के साथ-साथ दिमाग के लिए भी रामबाण है ये गुलकंद ! 
3466,गारंटी के साथ बालों को काला करे ये घरेलू उपाय!
3436,गुस्सेबाजों के लिए ‘भड़ास कैफे’ है नायाब जगह जहाँ तोड़फोड़ पर कोई नहीं करेगा जांच पड़ताल !
4014,घर से दूर होकर भी अपने फाधर को ऐसे कहें ‘हैप्पी फादर्स डे’ !
2974,चंबल के इस डाकू ने इसलिए मुलायम सिंह का बूथ लूट लिया था ! 
2818,जब इस बॉलीवुड अभिनेत्री को एक मैगजीन ने किया टॉपलेस ! 
3882,जब भी गोवा जाना अपनी पर्सनल गाड़ी से ही जाना नहीं तो पड़ सकता है पछताना !
3326,जब शाहिद कपूर की पत्नी मीरा टैटू दिखाने के चक्कर में दिखा बैठी इनर वियर! 
3404,जानते हैं आखिर अपनी सौतेली बहनों से इतनी नफरत क्यों करते हैं अर्जुन कपूर !
2948,जानिए इस्लाम में क्यों जरुरी मानी गई है जुम्मे की नमाज़ ! 
3000,जानिए किसने पहली बार कहा था सचिन सचिन ! 
2752,जानिए क्या हुआ था जब संगीता ने सलमान को इस लड़की के साथ रंगे हाथों पकड़ लिया ! 
1500,जो लोग ये 4 काम करते है उनकी मृत्यु जल्द हो सकते है ! 
3262,बॉलीवुड का ये हीरो फिल्मों में आने से पहले लोगों के घरों पर वॉचमैन था ? 
3030,बॉलीवुड की ये खुबसूरत अभिनेत्रियाँ जो असल में दिखती है काली-कलूटी ! 
3170,बॉलीवुड के इन सेलिब्रिटीज के बिजली के बिल देखकर आपके होश उड़ जाएंगे ! 
1652,बॉलीवुड को हिट फिल्में देने के लिए इन सितारों का नाम ही काफी है! 
2418,बॉस को हररोज़ ‘किस’ नहीं किया तो नौकरी हाथ से चली जाएगी ! 
2570,ब्वॉयफ्रेंड के बारे में जब घर पर पता चल जाये तो ऐसे संभालें परिस्थिति ! 
3276,भारत में इन सेक्टर्स में मिलती है जबरदस्त सैलरी ! 
2830,भारत में चटकारे के साथ खाए जाने वाले यह व्यंजन दरअसल इंडियन फूड है ही नहीं ! 
3128,भीमबेटका इतिहास का बहुमूल्य पुरातात्विक संकलन 
1754,महिलाओं के ब्रेस्ट को देखकर पुरुषों के मन में आते हैं ये ख्याल ! 
400,महेंद्र सिंह धोनी पहनते हैं ₹26 लाख की घड़ी जानें अन्य क्रिकेटर्स की क्या है पसंद 
3344,मायावती ने कहा कुछ ऐसा कि सहारनपुर में उठने लगी आग की लपटे 
2548,मोदी कुछ ऐसे कर रहे हैं 2019 के चुनाव की तैयारी विपक्ष भी है परेशान 
3220,मोहित सूरी ने कर दी एकता कपूर के साथ एक ऐसी डील साइन कि जानकर चौंक जाएंगे आप 
3278,यह वकील 38 सालों से अपना हर केस लड़ रहा है संस्कृत में 
801,यूपी : तमाम दावों के बीच 'शासन' को अपराधियों की खुली चुनौती कानून व्यावस्था का डर नहीं
2822,ये 5 झूठ बड़ी सफाई से बोलती हैं लडकियाँ ! 
3270,ये उपाय आपके घर को बिना AC कूल रख सकता है ! 
3460,ये खबर बताती है कि एटीट्यूड वाली लड़की से करोगे प्यार तो बन जाएगी आपकी लाइफ !
2742,ये घरेलु उपाय आपके होंठों को गुलाबी और ख़ूबसूरत बनाते है ! 
1747,ये टिप्स रखेंगे आपको चुस्त-दुरुस्त!
1476,ये फ्लॉप अभिनेता करीना कपूर से शादी करना चाहता था ! इसकी हिम्मत की दाद देनी पड़ेगी ! 
3428,ये वो चीज़ें है जिनके करने से लडकियाँ जल्दी फ़िदा होती है !
3444,सिर्फ कॉलेज में ही सीख सकते हैं ये 5 स्किल्स !
3426,सिर्फ ये एक चीज करती है मर्दों की कमजोरी को झट से दूर !
1624,सुधार लें ये आदतें नहीं तो ख़राब हो सकती है आपकी किडनी 
1400,सुष्मिता सेन के भाई और कृति सेनन की बहन कर रहे हैं एक-दूसरे को डेट आपने देखा क्या?
462,सेक्स में लापरवाही आपको अस्पताल जा सकती है 
3348,सैफ की पहली पत्नी अमृता सिंह उन्हें देती थी गालियाँ इंटरव्यू में किया खुलासा! 
486,सौरव गांगुली के रिकॉर्ड जो हम सबको मालूम होने चाहिए
3186,स्टार्टअप शुरु करने से पहले आपके पास होनी चाहिए ये तीन चीज़ें 
510,हम संभोग क्यों करते हैं संभोग करना कितना जरूरी
1847,हीमोग्लोबिन लेवल बढ़ाना है तो....
2840,होटल के कमरे में विवेक ने ये गलती नहीं की होती तो आज ऐश्वर्या उनकी होती ! 
351887,Kriti Sanon opens up about her alleged affair with Raabta co-star Sushant Singh Rajput: What's the big deal?
329000,Kumble Wants To Be In Selection Panel & Says That Captain Should Be Paid More Than Teammates
318557,Layoffs and shrinking job market: Is this the end of India's engineering dream?
348258,Meanwhile In Kuwait Pigeon Held For Smuggling Ecstasy Across The Border
348267,Modi government inches closer to national beef ban with Ramzan just few days away
324986,Muslim Law Board Says It Will Issue Advisory To Qazis To Ask Men Not To Go For Triple Talaq
356878,North Korea Test Fires Yet Another Ballistic Missile
2328,OMG कोयला देता है बेदाग गोरापन ! 
347650,Pakistan Confident Of Beating India To Maintain Superior Record In Champions Trophy
358490,Pakistani Schoolgirl Pushed Off Roof By Her Teachers For Not Cleaning The Classroom
328600,Paytm Launches Its Payments Bank Offers 4% Interest Rate And Cashback On Deposits
356479,PM Modi Begins 4-Nation Tour Today With Visit To Germany: 10 Points
351747,Police Reveal Photos Of Manchester Bomber Salman Abedi On Night Of Attack
347856,Prime Minister Modi Becomes Most Followed Leader On Facebook
323591,Priyanka Chopra's Baywatch gets CFBC rating five cuts. But what'll happen to the bikinis?
353667,Promoting PM Modi's Make in India Jaitley chooses Indian vendor for Rs 18000 crore army missile contract
362908,Rabada tops ODI bowling rankings 
351893,Raksha Gopal CBSE Class 12 Topper With 99.6% Reveals Career Goals
356887,Ranbir Kapoor chose to spend time with Deepika Padukone over Katrina Kaif at Karan Johar's party
358087,Ranbir Kapoor looks so much like Sanjay Dutt from Rocky as he attends a football event with Aditya Sidharth and Arjun - view HQ pics!
30155,10 Ways To Tease Your Boyfriend And Make Him Fall For You
438837,1993 Mumbai blasts: Verdict against Abu Salem 6 other accused likely today
380269,2 Soldiers Killed In Attack On Army Convoy By Terrorists In Jammu And Kashmir
358428,20 Classic Bollywood Songs That Are Actually Life-Lessons In Disguise
3778,21 साल पहले की अपनी इस राजनैतिक गलती पर आज भी अफसोस करते हैं रजनीकांत
30159,26 Morgan Freeman Facts That Make Him A Million Dollar Hollywood Actor
30157,35 Celebrities Who Actually Go By Their Middle Name
376060,5 Famous Daughters Who Inherited Their Father's Charm
3406,5 गर्लफ्रेंड फिर हुआ ब्रेकअप अब ये बॉलीवुड सुपरस्टार करेंगे ‘अरेंज मैरिज’
343052,7 Years After CWG Scam A Court Sends Two More People To Jail & One Of Them Is 86-Years-Old
353666,800 Kashmiris Appear For Army Exam Amid Unrest In Kashmir
365979,A Day After Ruling Against BJP Leaders Yogi Adityanath Visits Ayodhya
332803,Abhijeet Bhattacharya's Twitter Account Suspended After Offensive Tweets
323981,After ICJ's Verdict On Jadhav's Case Mother Of Mumbai Engineer Who Is In Pak Jail Gets Hopeful
398856,After Losing To India Pakistan's Pride Is At Stake Against South Africa In Must-Win Match
394699,Ahmedabad boy slogged to top class 12 and then renounced it all to become a Jain monk
313734,Aishwarya Rai Bachchan Looks Like A Fairy-Tale Princess On The Cannes Red Carpet
315151,Alia Bhatt gives a weird reaction on Priyanka Chopra's bikini avatar
